source,table,year_column,year,total_records,status
Base dos Dados,basedosdados.br_ms_sinasc.microdados,ano,1994,188269,consulta executada
Base dos Dados,basedosdados.br_ms_sinasc.microdados,ano,1995,188269,consulta executada
Base dos Dados,basedosdados.br_ms_sinasc.microdados,ano,1996,181951,consulta executada
Base dos Dados,basedosdados.br_ms_sinasc.microdados,ano,1997,180831,consulta executada
Base dos Dados,basedosdados.br_ms_sinasc.microdados,ano,1998,177550,consulta executada
Base dos Dados,basedosdados.br_ms_sinasc.microdados,ano,1999,337,consulta executada
Base dos Dados,basedosdados.br_ms_sinasc.microdados,ano,2000,176469,consulta executada
Base dos Dados,basedosdados.br_ms_sinasc.microdados,ano,2001,160493,consulta executada
Base dos Dados,basedosdados.br_ms_sinasc.microdados,ano,2002,155186,consulta executada
Base dos Dados,basedosdados.br_ms_sinasc.microdados,ano,2003,149128,consulta executada
Base dos Dados,basedosdados.br_ms_sinasc.microdados,ano,2004,153021,consulta executada
Base dos Dados,basedosdados.br_ms_sinasc.microdados,ano,2005,147303,consulta executada
Base dos Dados,basedosdados.br_ms_sinasc.microdados,ano,2006,141331,consulta executada
Base dos Dados,basedosdados.br_ms_sinasc.microdados,ano,2007,133400,consulta executada
Base dos Dados,basedosdados.br_ms_sinasc.microdados,ano,2008,135143,consulta executada
Base dos Dados,basedosdados.br_ms_sinasc.microdados,ano,2009,133652,consulta executada
Base dos Dados,basedosdados.br_ms_sinasc.microdados,ano,2010,133243,consulta executada
Base dos Dados,basedosdados.br_ms_sinasc.microdados,ano,2011,137710,consulta executada
Base dos Dados,basedosdados.br_ms_sinasc.microdados,ano,2012,138941,consulta executada
Base dos Dados,basedosdados.br_ms_sinasc.microdados,ano,2013,141350,consulta executada
Base dos Dados,basedosdados.br_ms_sinasc.microdados,ano,2014,143315,consulta executada
Base dos Dados,basedosdados.br_ms_sinasc.microdados,ano,2015,148359,consulta executada
Base dos Dados,basedosdados.br_ms_sinasc.microdados,ano,2016,141411,consulta executada
Base dos Dados,basedosdados.br_ms_sinasc.microdados,ano,2017,141567,consulta executada
Base dos Dados,basedosdados.br_ms_sinasc.microdados,ano,2018,140047,consulta executada
Base dos Dados,basedosdados.br_ms_sinasc.microdados,ano,2019,134596,consulta executada
Base dos Dados,basedosdados.br_ms_sinasc.microdados,ano,2020,130742,consulta executada
Base dos Dados,basedosdados.br_ms_sinasc.microdados,ano,2021,124349,consulta executada
Base dos Dados,basedosdados.br_ms_sinasc.microdados,ano,2022,120913,consulta executada
Base dos Dados,basedosdados.br_ms_sinasc.microdados,ano,2023,120974,consulta executada
Base dos Dados,basedosdados.br_ms_sinasc.microdados,ano,2024,111988,consulta executada
Base dos Dados,basedosdados.br_ms_sim.microdados,ano,1996,67596,consulta executada
Base dos Dados,basedosdados.br_ms_sim.microdados,ano,1997,64312,consulta executada
Base dos Dados,basedosdados.br_ms_sim.microdados,ano,1998,69505,consulta executada
Base dos Dados,basedosdados.br_ms_sim.microdados,ano,1999,67269,consulta executada
Base dos Dados,basedosdados.br_ms_sim.microdados,ano,2000,67953,consulta executada
Base dos Dados,basedosdados.br_ms_sim.microdados,ano,2001,68296,consulta executada
Base dos Dados,basedosdados.br_ms_sim.microdados,ano,2002,69357,consulta executada
Base dos Dados,basedosdados.br_ms_sim.microdados,ano,2003,70534,consulta executada
Base dos Dados,basedosdados.br_ms_sim.microdados,ano,2004,72242,consulta executada
Base dos Dados,basedosdados.br_ms_sim.microdados,ano,2005,71229,consulta executada
Base dos Dados,basedosdados.br_ms_sim.microdados,ano,2006,72357,consulta executada
Base dos Dados,basedosdados.br_ms_sim.microdados,ano,2007,75305,consulta executada
Base dos Dados,basedosdados.br_ms_sim.microdados,ano,2008,73996,consulta executada
Base dos Dados,basedosdados.br_ms_sim.microdados,ano,2009,76788,consulta executada
Base dos Dados,basedosdados.br_ms_sim.microdados,ano,2010,77985,consulta executada
Base dos Dados,basedosdados.br_ms_sim.microdados,ano,2011,80148,consulta executada
Base dos Dados,basedosdados.br_ms_sim.microdados,ano,2012,79456,consulta executada
Base dos Dados,basedosdados.br_ms_sim.microdados,ano,2013,83016,consulta executada
Base dos Dados,basedosdados.br_ms_sim.microdados,ano,2014,82166,consulta executada
Base dos Dados,basedosdados.br_ms_sim.microdados,ano,2015,82349,consulta executada
Base dos Dados,basedosdados.br_ms_sim.microdados,ano,2016,87583,consulta executada
Base dos Dados,basedosdados.br_ms_sim.microdados,ano,2017,86241,consulta executada
Base dos Dados,basedosdados.br_ms_sim.microdados,ano,2018,88618,consulta executada
Base dos Dados,basedosdados.br_ms_sim.microdados,ano,2019,89238,consulta executada
Base dos Dados,basedosdados.br_ms_sim.microdados,ano,2020,92791,consulta executada
Base dos Dados,basedosdados.br_ms_sim.microdados,ano,2021,117722,consulta executada
Base dos Dados,basedosdados.br_ms_sim.microdados,ano,2022,104096,consulta executada
Base dos Dados,basedosdados.br_ms_sim.microdados,ano,2023,93516,consulta executada
Base dos Dados,basedosdados.br_ms_sim.microdados,ano,2024,101480,consulta executada
Base dos Dados,basedosdados.br_ms_cnes.estabelecimento,ano,2005,30160,consulta executada
Base dos Dados,basedosdados.br_ms_cnes.estabelecimento,ano,2006,96488,consulta executada
Base dos Dados,basedosdados.br_ms_cnes.estabelecimento,ano,2007,132998,consulta executada
Base dos Dados,basedosdados.br_ms_cnes.estabelecimento,ano,2008,149000,consulta executada
Base dos Dados,basedosdados.br_ms_cnes.estabelecimento,ano,2009,173932,consulta executada
Base dos Dados,basedosdados.br_ms_cnes.estabelecimento,ano,2010,196282,consulta executada
Base dos Dados,basedosdados.br_ms_cnes.estabelecimento,ano,2011,214362,consulta executada
Base dos Dados,basedosdados.br_ms_cnes.estabelecimento,ano,2012,230714,consulta executada
Base dos Dados,basedosdados.br_ms_cnes.estabelecimento,ano,2013,244865,consulta executada
Base dos Dados,basedosdados.br_ms_cnes.estabelecimento,ano,2014,259245,consulta executada
Base dos Dados,basedosdados.br_ms_cnes.estabelecimento,ano,2015,265333,consulta executada
Base dos Dados,basedosdados.br_ms_cnes.estabelecimento,ano,2016,276084,consulta executada
Base dos Dados,basedosdados.br_ms_cnes.estabelecimento,ano,2017,287707,consulta executada
Base dos Dados,basedosdados.br_ms_cnes.estabelecimento,ano,2018,302293,consulta executada
Base dos Dados,basedosdados.br_ms_cnes.estabelecimento,ano,2019,317994,consulta executada
Base dos Dados,basedosdados.br_ms_cnes.estabelecimento,ano,2020,331150,consulta executada
Base dos Dados,basedosdados.br_ms_cnes.estabelecimento,ano,2021,359785,consulta executada
Base dos Dados,basedosdados.br_ms_cnes.estabelecimento,ano,2022,385509,consulta executada
Base dos Dados,basedosdados.br_ms_cnes.estabelecimento,ano,2023,407510,consulta executada
Base dos Dados,basedosdados.br_ms_cnes.estabelecimento,ano,2024,433774,consulta executada
Base dos Dados,basedosdados.br_ms_cnes.estabelecimento,ano,2025,422194,consulta executada
Base dos Dados,basedosdados.br_ms_populacao.municipio,ano,2000,187238,consulta executada
Base dos Dados,basedosdados.br_ms_populacao.municipio,ano,2001,189040,consulta executada
Base dos Dados,basedosdados.br_ms_populacao.municipio,ano,2002,189176,consulta executada
Base dos Dados,basedosdados.br_ms_populacao.municipio,ano,2003,189040,consulta executada
Base dos Dados,basedosdados.br_ms_populacao.municipio,ano,2004,189176,consulta executada
Base dos Dados,basedosdados.br_ms_populacao.municipio,ano,2005,189176,consulta executada
Base dos Dados,basedosdados.br_ms_populacao.municipio,ano,2006,189176,consulta executada
Base dos Dados,basedosdados.br_ms_populacao.municipio,ano,2007,189176,consulta executada
Base dos Dados,basedosdados.br_ms_populacao.municipio,ano,2008,189210,consulta executada
Base dos Dados,basedosdados.br_ms_populacao.municipio,ano,2009,189210,consulta executada
Base dos Dados,basedosdados.br_ms_populacao.municipio,ano,2010,189210,consulta executada
Base dos Dados,basedosdados.br_ms_populacao.municipio,ano,2011,189210,consulta executada
Base dos Dados,basedosdados.br_ms_populacao.municipio,ano,2012,189210,consulta executada
Base dos Dados,basedosdados.br_ms_populacao.municipio,ano,2013,189380,consulta executada
Base dos Dados,basedosdados.br_ms_populacao.municipio,ano,2014,189380,consulta executada
Base dos Dados,basedosdados.br_ms_populacao.municipio,ano,2015,189380,consulta executada
Base dos Dados,basedosdados.br_ms_populacao.municipio,ano,2016,189380,consulta executada
Base dos Dados,basedosdados.br_ms_populacao.municipio,ano,2017,189380,consulta executada
Base dos Dados,basedosdados.br_ms_populacao.municipio,ano,2018,189380,consulta executada
Base dos Dados,basedosdados.br_ms_populacao.municipio,ano,2019,189380,consulta executada
Base dos Dados,basedosdados.br_ms_populacao.municipio,ano,2020,189380,consulta executada
Base dos Dados,basedosdados.br_ms_populacao.municipio,ano,2021,189380,consulta executada
Base dos Dados,basedosdados.br_ms_populacao.municipio,ano,2022,189380,consulta executada
Base dos Dados,basedosdados.br_ms_populacao.municipio,ano,2023,189380,consulta executada
Base dos Dados,basedosdados.br_ms_populacao.municipio,ano,2024,189380,consulta executada
Base dos Dados,basedosdados.br_ms_populacao.municipio,ano,2025,189414,consulta executada
Base dos Dados,basedosdados.br_ms_sih.servicos_profissionais,ano,2008,6249300,consulta executada
Base dos Dados,basedosdados.br_ms_sih.servicos_profissionais,ano,2009,6883879,consulta executada
Base dos Dados,basedosdados.br_ms_sih.servicos_profissionais,ano,2010,7326309,consulta executada
Base dos Dados,basedosdados.br_ms_sih.servicos_profissionais,ano,2011,7389370,consulta executada
Base dos Dados,basedosdados.br_ms_sih.servicos_profissionais,ano,2012,8183314,consulta executada
Base dos Dados,basedosdados.br_ms_sih.servicos_profissionais,ano,2013,9138659,consulta executada
Base dos Dados,basedosdados.br_ms_sih.servicos_profissionais,ano,2014,10010167,consulta executada
Base dos Dados,basedosdados.br_ms_sih.servicos_profissionais,ano,2015,10480145,consulta executada
Base dos Dados,basedosdados.br_ms_sih.servicos_profissionais,ano,2016,9892866,consulta executada
Base dos Dados,basedosdados.br_ms_sih.servicos_profissionais,ano,2017,9959649,consulta executada
Base dos Dados,basedosdados.br_ms_sih.servicos_profissionais,ano,2018,9951823,consulta executada
Base dos Dados,basedosdados.br_ms_sih.servicos_profissionais,ano,2019,10620657,consulta executada
Base dos Dados,basedosdados.br_ms_sih.servicos_profissionais,ano,2020,10444006,consulta executada
Base dos Dados,basedosdados.br_ms_sih.servicos_profissionais,ano,2021,11384343,consulta executada
Base dos Dados,basedosdados.br_ms_sih.servicos_profissionais,ano,2022,11756803,consulta executada
Base dos Dados,basedosdados.br_ms_sih.servicos_profissionais,ano,2023,12115795,consulta executada
Base dos Dados,basedosdados.br_ms_sih.servicos_profissionais,ano,2024,17256183,consulta executada
Base dos Dados,basedosdados.br_ms_sih.servicos_profissionais,ano,2025,10922959,consulta executada
Base dos Dados,basedosdados.br_ms_sinan.microdados_violencia,ano,2009,39972,consulta executada
Base dos Dados,basedosdados.br_ms_sinan.microdados_violencia,ano,2010,73787,consulta executada
Base dos Dados,basedosdados.br_ms_sinan.microdados_violencia,ano,2011,107511,consulta executada
Base dos Dados,basedosdados.br_ms_sinan.microdados_violencia,ano,2012,157012,consulta executada
Base dos Dados,basedosdados.br_ms_sinan.microdados_violencia,ano,2013,188703,consulta executada
Base dos Dados,basedosdados.br_ms_sinan.microdados_violencia,ano,2014,198057,consulta executada
Base dos Dados,basedosdados.br_ms_sinan.microdados_violencia,ano,2015,227852,consulta executada
Base dos Dados,basedosdados.br_ms_sinan.microdados_violencia,ano,2016,243192,consulta executada
Base dos Dados,basedosdados.br_ms_sinan.microdados_violencia,ano,2017,307307,consulta executada
Base dos Dados,basedosdados.br_ms_sinan.microdados_violencia,ano,2018,350308,consulta executada
Base dos Dados,basedosdados.br_ms_sinan.microdados_violencia,ano,2019,405441,consulta executada
