source,year,file,column,dtype,rows,blank_or_null,blank_or_null_percent,distinct_values
SIM/DO,2015,DORS2015.dbc,CONTADOR,object,82349,0,0.0,82349
SIM/DO,2015,DORS2015.dbc,ORIGEM,object,82349,0,0.0,2
SIM/DO,2015,DORS2015.dbc,TIPOBITO,object,82349,0,0.0,1
SIM/DO,2015,DORS2015.dbc,DTOBITO,object,82349,0,0.0,365
SIM/DO,2015,DORS2015.dbc,HORAOBITO,object,82349,2179,2.65,1439
SIM/DO,2015,DORS2015.dbc,NATURAL,object,82349,5052,6.13,71
SIM/DO,2015,DORS2015.dbc,CODMUNNATU,object,82349,6491,7.88,1017
SIM/DO,2015,DORS2015.dbc,DTNASC,object,82349,105,0.13,25530
SIM/DO,2015,DORS2015.dbc,IDADE,object,82349,0,0.0,210
SIM/DO,2015,DORS2015.dbc,SEXO,object,82349,0,0.0,3
SIM/DO,2015,DORS2015.dbc,RACACOR,object,82349,2857,3.47,5
SIM/DO,2015,DORS2015.dbc,ESTCIV,object,82349,5995,7.28,6
SIM/DO,2015,DORS2015.dbc,ESC,object,82349,9886,12.01,6
SIM/DO,2015,DORS2015.dbc,ESC2010,object,82349,10220,12.41,7
SIM/DO,2015,DORS2015.dbc,SERIESCFAL,object,82349,67768,82.29,8
SIM/DO,2015,DORS2015.dbc,OCUP,object,82349,15877,19.28,903
SIM/DO,2015,DORS2015.dbc,CODMUNRES,object,82349,0,0.0,497
SIM/DO,2015,DORS2015.dbc,LOCOCOR,object,82349,0,0.0,6
SIM/DO,2015,DORS2015.dbc,CODESTAB,object,82349,19823,24.07,657
SIM/DO,2015,DORS2015.dbc,ESTABDESCR,object,82349,82348,100.0,1
SIM/DO,2015,DORS2015.dbc,CODMUNOCOR,object,82349,0,0.0,611
SIM/DO,2015,DORS2015.dbc,IDADEMAE,object,82349,80870,98.2,36
SIM/DO,2015,DORS2015.dbc,ESCMAE,object,82349,80898,98.24,6
SIM/DO,2015,DORS2015.dbc,ESCMAE2010,object,82349,80900,98.24,7
SIM/DO,2015,DORS2015.dbc,SERIESCMAE,object,82349,81661,99.16,8
SIM/DO,2015,DORS2015.dbc,OCUPMAE,object,82349,81075,98.45,169
SIM/DO,2015,DORS2015.dbc,QTDFILVIVO,object,82349,80907,98.25,14
SIM/DO,2015,DORS2015.dbc,QTDFILMORT,object,82349,80929,98.28,7
SIM/DO,2015,DORS2015.dbc,GRAVIDEZ,object,82349,80854,98.18,4
SIM/DO,2015,DORS2015.dbc,SEMAGESTAC,object,82349,80881,98.22,33
SIM/DO,2015,DORS2015.dbc,GESTACAO,object,82349,80879,98.21,7
SIM/DO,2015,DORS2015.dbc,PARTO,object,82349,80859,98.19,3
SIM/DO,2015,DORS2015.dbc,OBITOPARTO,object,82349,80878,98.21,2
SIM/DO,2015,DORS2015.dbc,PESO,object,82349,80851,98.18,657
SIM/DO,2015,DORS2015.dbc,TPMORTEOCO,object,82349,77316,93.89,7
SIM/DO,2015,DORS2015.dbc,OBITOGRAV,object,82349,77299,93.87,3
SIM/DO,2015,DORS2015.dbc,OBITOPUERP,object,82349,77299,93.87,4
SIM/DO,2015,DORS2015.dbc,ASSISTMED,object,82349,19631,23.84,3
SIM/DO,2015,DORS2015.dbc,EXAME,object,82349,82092,99.69,3
SIM/DO,2015,DORS2015.dbc,CIRURGIA,object,82349,82100,99.7,3
SIM/DO,2015,DORS2015.dbc,NECROPSIA,object,82349,17706,21.5,3
SIM/DO,2015,DORS2015.dbc,LINHAA,object,82349,10566,12.83,2303
SIM/DO,2015,DORS2015.dbc,LINHAB,object,82349,25495,30.96,2390
SIM/DO,2015,DORS2015.dbc,LINHAC,object,82349,43679,53.04,2310
SIM/DO,2015,DORS2015.dbc,LINHAD,object,82349,61941,75.22,2018
SIM/DO,2015,DORS2015.dbc,LINHAII,object,82349,55496,67.39,6956
SIM/DO,2015,DORS2015.dbc,CAUSABAS,object,82349,0,0.0,2437
SIM/DO,2015,DORS2015.dbc,CB_PRE,object,82349,82349,100.0,0
SIM/DO,2015,DORS2015.dbc,CRM,object,82349,1372,1.67,10587
SIM/DO,2015,DORS2015.dbc,COMUNSVOIM,object,82349,72742,88.33,149
SIM/DO,2015,DORS2015.dbc,DTATESTADO,object,82349,427,0.52,383
SIM/DO,2015,DORS2015.dbc,CIRCOBITO,object,82349,74455,90.41,5
SIM/DO,2015,DORS2015.dbc,ACIDTRAB,object,82349,79846,96.96,3
SIM/DO,2015,DORS2015.dbc,FONTE,object,82349,75919,92.19,5
SIM/DO,2015,DORS2015.dbc,NUMEROLOTE,object,82349,1,0.0,154
SIM/DO,2015,DORS2015.dbc,TPPOS,object,82349,30321,36.82,2
SIM/DO,2015,DORS2015.dbc,DTINVESTIG,object,82349,66355,80.58,509
SIM/DO,2015,DORS2015.dbc,CAUSABAS_O,object,82349,3,0.0,2402
SIM/DO,2015,DORS2015.dbc,DTCADASTRO,object,82349,340,0.41,447
SIM/DO,2015,DORS2015.dbc,ATESTANTE,object,82349,7948,9.65,5
SIM/DO,2015,DORS2015.dbc,STCODIFICA,object,82349,1,0.0,2
SIM/DO,2015,DORS2015.dbc,CODIFICADO,object,82349,1,0.0,1
SIM/DO,2015,DORS2015.dbc,VERSAOSIST,object,82349,1,0.0,3
SIM/DO,2015,DORS2015.dbc,VERSAOSCB,object,82349,8,0.01,2
SIM/DO,2015,DORS2015.dbc,FONTEINV,object,82349,64804,78.69,9
SIM/DO,2015,DORS2015.dbc,DTRECEBIM,object,82349,1,0.0,397
SIM/DO,2015,DORS2015.dbc,ATESTADO,object,82349,0,0.0,50978
SIM/DO,2015,DORS2015.dbc,DTRECORIGA,object,82349,0,0.0,317
SIM/DO,2015,DORS2015.dbc,CAUSAMAT,object,82349,82349,100.0,0
SIM/DO,2015,DORS2015.dbc,ESCMAEAGR1,object,82349,80900,98.24,13
SIM/DO,2015,DORS2015.dbc,ESCFALAGR1,object,82349,10220,12.41,13
SIM/DO,2015,DORS2015.dbc,STDOEPIDEM,object,82349,1,0.0,1
SIM/DO,2015,DORS2015.dbc,STDONOVA,object,82349,0,0.0,2
SIM/DO,2015,DORS2015.dbc,DIFDATA,object,82349,0,0.0,762
SIM/DO,2015,DORS2015.dbc,NUDIASOBCO,object,82349,79134,96.1,368
SIM/DO,2015,DORS2015.dbc,NUDIASOBIN,object,82349,79033,95.97,395
SIM/DO,2015,DORS2015.dbc,DTCADINV,object,82349,79036,95.98,355
SIM/DO,2015,DORS2015.dbc,TPOBITOCOR,object,82349,79036,95.98,7
SIM/DO,2015,DORS2015.dbc,DTCONINV,object,82349,79137,96.1,411
SIM/DO,2015,DORS2015.dbc,FONTES,object,82349,79033,95.97,36
SIM/DO,2015,DORS2015.dbc,TPRESGINFO,object,82349,82249,99.88,3
SIM/DO,2015,DORS2015.dbc,TPNIVELINV,object,82349,79033,95.97,3
SIM/DO,2015,DORS2015.dbc,NUDIASINF,object,82349,82349,100.0,0
SIM/DO,2015,DORS2015.dbc,DTCADINF,object,82349,80774,98.09,334
SIM/DO,2015,DORS2015.dbc,MORTEPARTO,object,82349,80774,98.09,3
SIM/DO,2015,DORS2015.dbc,DTCONCASO,object,82349,82349,100.0,0
SIM/DO,2015,DORS2015.dbc,FONTESINF,object,82349,82349,100.0,0
SIM/DO,2015,DORS2015.dbc,ALTCAUSA,object,82349,80898,98.24,2
SIM/DO,2016,DORS2016.dbc,CONTADOR,object,87583,0,0.0,87583
SIM/DO,2016,DORS2016.dbc,ORIGEM,object,87583,0,0.0,1
SIM/DO,2016,DORS2016.dbc,TIPOBITO,object,87583,0,0.0,1
SIM/DO,2016,DORS2016.dbc,DTOBITO,object,87583,0,0.0,366
SIM/DO,2016,DORS2016.dbc,HORAOBITO,object,87583,2018,2.3,1440
SIM/DO,2016,DORS2016.dbc,NATURAL,object,87583,5547,6.33,76
SIM/DO,2016,DORS2016.dbc,CODMUNNATU,object,87583,7000,7.99,1054
SIM/DO,2016,DORS2016.dbc,DTNASC,object,87583,94,0.11,25811
SIM/DO,2016,DORS2016.dbc,IDADE,object,87583,0,0.0,218
SIM/DO,2016,DORS2016.dbc,SEXO,object,87583,0,0.0,3
SIM/DO,2016,DORS2016.dbc,RACACOR,object,87583,3756,4.29,5
SIM/DO,2016,DORS2016.dbc,ESTCIV,object,87583,6501,7.42,6
SIM/DO,2016,DORS2016.dbc,ESC,object,87583,11012,12.57,6
SIM/DO,2016,DORS2016.dbc,ESC2010,object,87583,11305,12.91,7
SIM/DO,2016,DORS2016.dbc,SERIESCFAL,object,87583,71377,81.5,8
SIM/DO,2016,DORS2016.dbc,OCUP,object,87583,16379,18.7,949
SIM/DO,2016,DORS2016.dbc,CODMUNRES,object,87583,0,0.0,498
SIM/DO,2016,DORS2016.dbc,LOCOCOR,object,87583,0,0.0,6
SIM/DO,2016,DORS2016.dbc,CODESTAB,object,87583,21629,24.7,676
SIM/DO,2016,DORS2016.dbc,ESTABDESCR,object,87583,87583,100.0,0
SIM/DO,2016,DORS2016.dbc,CODMUNOCOR,object,87583,0,0.0,633
SIM/DO,2016,DORS2016.dbc,IDADEMAE,object,87583,86242,98.47,37
SIM/DO,2016,DORS2016.dbc,ESCMAE,object,87583,86275,98.51,6
SIM/DO,2016,DORS2016.dbc,ESCMAE2010,object,87583,86276,98.51,7
SIM/DO,2016,DORS2016.dbc,SERIESCMAE,object,87583,86946,99.27,8
SIM/DO,2016,DORS2016.dbc,OCUPMAE,object,87583,86396,98.64,163
SIM/DO,2016,DORS2016.dbc,QTDFILVIVO,object,87583,86260,98.49,11
SIM/DO,2016,DORS2016.dbc,QTDFILMORT,object,87583,86287,98.52,7
SIM/DO,2016,DORS2016.dbc,GRAVIDEZ,object,87583,86214,98.44,4
SIM/DO,2016,DORS2016.dbc,SEMAGESTAC,object,87583,86258,98.49,32
SIM/DO,2016,DORS2016.dbc,GESTACAO,object,87583,86257,98.49,7
SIM/DO,2016,DORS2016.dbc,PARTO,object,87583,86217,98.44,3
SIM/DO,2016,DORS2016.dbc,OBITOPARTO,object,87583,86216,98.44,2
SIM/DO,2016,DORS2016.dbc,PESO,object,87583,86208,98.43,658
SIM/DO,2016,DORS2016.dbc,TPMORTEOCO,object,87583,82167,93.82,7
SIM/DO,2016,DORS2016.dbc,OBITOGRAV,object,87583,82151,93.8,3
SIM/DO,2016,DORS2016.dbc,OBITOPUERP,object,87583,82151,93.8,4
SIM/DO,2016,DORS2016.dbc,ASSISTMED,object,87583,19690,22.48,3
SIM/DO,2016,DORS2016.dbc,EXAME,object,87583,87340,99.72,3
SIM/DO,2016,DORS2016.dbc,CIRURGIA,object,87583,87344,99.73,3
SIM/DO,2016,DORS2016.dbc,NECROPSIA,object,87583,16239,18.54,3
SIM/DO,2016,DORS2016.dbc,LINHAA,object,87583,10766,12.29,2285
SIM/DO,2016,DORS2016.dbc,LINHAB,object,87583,27644,31.56,2539
SIM/DO,2016,DORS2016.dbc,LINHAC,object,87583,48491,55.37,2350
SIM/DO,2016,DORS2016.dbc,LINHAD,object,87583,66587,76.03,1988
SIM/DO,2016,DORS2016.dbc,LINHAII,object,87583,58572,66.88,7262
SIM/DO,2016,DORS2016.dbc,CAUSABAS,object,87583,0,0.0,2424
SIM/DO,2016,DORS2016.dbc,CB_PRE,object,87583,87583,100.0,0
SIM/DO,2016,DORS2016.dbc,CRM,object,87583,1203,1.37,10834
SIM/DO,2016,DORS2016.dbc,COMUNSVOIM,object,87583,77557,88.55,143
SIM/DO,2016,DORS2016.dbc,DTATESTADO,object,87583,401,0.46,381
SIM/DO,2016,DORS2016.dbc,CIRCOBITO,object,87583,79147,90.37,5
SIM/DO,2016,DORS2016.dbc,ACIDTRAB,object,87583,84940,96.98,3
SIM/DO,2016,DORS2016.dbc,FONTE,object,87583,80858,92.32,5
SIM/DO,2016,DORS2016.dbc,NUMEROLOTE,object,87583,0,0.0,154
SIM/DO,2016,DORS2016.dbc,TPPOS,object,87583,29102,33.23,2
SIM/DO,2016,DORS2016.dbc,DTINVESTIG,object,87583,70054,79.99,520
SIM/DO,2016,DORS2016.dbc,CAUSABAS_O,object,87583,1,0.0,2380
SIM/DO,2016,DORS2016.dbc,DTCADASTRO,object,87583,403,0.46,458
SIM/DO,2016,DORS2016.dbc,ATESTANTE,object,87583,7523,8.59,5
SIM/DO,2016,DORS2016.dbc,STCODIFICA,object,87583,0,0.0,2
SIM/DO,2016,DORS2016.dbc,CODIFICADO,object,87583,0,0.0,1
SIM/DO,2016,DORS2016.dbc,VERSAOSIST,object,87583,0,0.0,3
SIM/DO,2016,DORS2016.dbc,VERSAOSCB,object,87583,19,0.02,2
SIM/DO,2016,DORS2016.dbc,FONTEINV,object,87583,67694,77.29,9
SIM/DO,2016,DORS2016.dbc,DTRECEBIM,object,87583,0,0.0,432
SIM/DO,2016,DORS2016.dbc,ATESTADO,object,87583,0,0.0,53503
SIM/DO,2016,DORS2016.dbc,DTRECORIGA,object,87583,0,0.0,356
SIM/DO,2016,DORS2016.dbc,CAUSAMAT,object,87583,87583,100.0,0
SIM/DO,2016,DORS2016.dbc,ESCMAEAGR1,object,87583,86276,98.51,13
SIM/DO,2016,DORS2016.dbc,ESCFALAGR1,object,87583,11305,12.91,13
SIM/DO,2016,DORS2016.dbc,STDOEPIDEM,object,87583,0,0.0,1
SIM/DO,2016,DORS2016.dbc,STDONOVA,object,87583,0,0.0,2
SIM/DO,2016,DORS2016.dbc,DIFDATA,object,87583,0,0.0,738
SIM/DO,2016,DORS2016.dbc,NUDIASOBCO,object,87583,84325,96.28,344
SIM/DO,2016,DORS2016.dbc,NUDIASOBIN,object,87583,87583,100.0,0
SIM/DO,2016,DORS2016.dbc,DTCADINV,object,87583,84201,96.14,356
SIM/DO,2016,DORS2016.dbc,TPOBITOCOR,object,87583,84201,96.14,8
SIM/DO,2016,DORS2016.dbc,DTCONINV,object,87583,84325,96.28,375
SIM/DO,2016,DORS2016.dbc,FONTES,object,87583,86082,98.29,31
SIM/DO,2016,DORS2016.dbc,TPRESGINFO,object,87583,87499,99.9,3
SIM/DO,2016,DORS2016.dbc,TPNIVELINV,object,87583,84201,96.14,3
SIM/DO,2016,DORS2016.dbc,NUDIASINF,object,87583,87583,100.0,0
SIM/DO,2016,DORS2016.dbc,DTCADINF,object,87583,86082,98.29,336
SIM/DO,2016,DORS2016.dbc,MORTEPARTO,object,87583,86082,98.29,4
SIM/DO,2016,DORS2016.dbc,DTCONCASO,object,87583,87583,100.0,0
SIM/DO,2016,DORS2016.dbc,FONTESINF,object,87583,87583,100.0,0
SIM/DO,2016,DORS2016.dbc,ALTCAUSA,object,87583,86163,98.38,2
SIM/DO,2017,DORS2017.dbc,CONTADOR,object,86241,0,0.0,86241
SIM/DO,2017,DORS2017.dbc,ORIGEM,object,86241,0,0.0,2
SIM/DO,2017,DORS2017.dbc,TIPOBITO,object,86241,0,0.0,1
SIM/DO,2017,DORS2017.dbc,DTOBITO,object,86241,0,0.0,365
SIM/DO,2017,DORS2017.dbc,HORAOBITO,object,86241,1548,1.79,1440
SIM/DO,2017,DORS2017.dbc,NATURAL,object,86241,5597,6.49,75
SIM/DO,2017,DORS2017.dbc,CODMUNNATU,object,86241,6682,7.75,1061
SIM/DO,2017,DORS2017.dbc,DTNASC,object,86241,115,0.13,25843
SIM/DO,2017,DORS2017.dbc,IDADE,object,86241,0,0.0,207
SIM/DO,2017,DORS2017.dbc,SEXO,object,86241,0,0.0,3
SIM/DO,2017,DORS2017.dbc,RACACOR,object,86241,3671,4.26,5
SIM/DO,2017,DORS2017.dbc,ESTCIV,object,86241,6519,7.56,6
SIM/DO,2017,DORS2017.dbc,ESC,object,86241,11084,12.85,6
SIM/DO,2017,DORS2017.dbc,ESC2010,object,86241,11314,13.12,7
SIM/DO,2017,DORS2017.dbc,SERIESCFAL,object,86241,66833,77.5,8
SIM/DO,2017,DORS2017.dbc,OCUP,object,86241,16038,18.6,943
SIM/DO,2017,DORS2017.dbc,CODMUNRES,object,86241,0,0.0,498
SIM/DO,2017,DORS2017.dbc,LOCOCOR,object,86241,0,0.0,6
SIM/DO,2017,DORS2017.dbc,CODESTAB,object,86241,21394,24.81,713
SIM/DO,2017,DORS2017.dbc,ESTABDESCR,object,86241,86241,100.0,0
SIM/DO,2017,DORS2017.dbc,CODMUNOCOR,object,86241,0,0.0,624
SIM/DO,2017,DORS2017.dbc,IDADEMAE,object,86241,84900,98.45,37
SIM/DO,2017,DORS2017.dbc,ESCMAE,object,86241,84933,98.48,6
SIM/DO,2017,DORS2017.dbc,ESCMAE2010,object,86241,84934,98.48,7
SIM/DO,2017,DORS2017.dbc,SERIESCMAE,object,86241,85510,99.15,8
SIM/DO,2017,DORS2017.dbc,OCUPMAE,object,86241,85062,98.63,165
SIM/DO,2017,DORS2017.dbc,QTDFILVIVO,object,86241,84952,98.51,12
SIM/DO,2017,DORS2017.dbc,QTDFILMORT,object,86241,84973,98.53,9
SIM/DO,2017,DORS2017.dbc,GRAVIDEZ,object,86241,84892,98.44,4
SIM/DO,2017,DORS2017.dbc,SEMAGESTAC,object,86241,84936,98.49,29
SIM/DO,2017,DORS2017.dbc,GESTACAO,object,86241,84936,98.49,6
SIM/DO,2017,DORS2017.dbc,PARTO,object,86241,84891,98.43,3
SIM/DO,2017,DORS2017.dbc,OBITOPARTO,object,86241,84864,98.4,2
SIM/DO,2017,DORS2017.dbc,PESO,object,86241,84850,98.39,670
SIM/DO,2017,DORS2017.dbc,TPMORTEOCO,object,86241,81316,94.29,7
SIM/DO,2017,DORS2017.dbc,OBITOGRAV,object,86241,81308,94.28,3
SIM/DO,2017,DORS2017.dbc,OBITOPUERP,object,86241,81308,94.28,4
SIM/DO,2017,DORS2017.dbc,ASSISTMED,object,86241,20722,24.03,3
SIM/DO,2017,DORS2017.dbc,EXAME,object,86241,86103,99.84,3
SIM/DO,2017,DORS2017.dbc,CIRURGIA,object,86241,86096,99.83,3
SIM/DO,2017,DORS2017.dbc,NECROPSIA,object,86241,16940,19.64,3
SIM/DO,2017,DORS2017.dbc,LINHAA,object,86241,10775,12.49,2366
SIM/DO,2017,DORS2017.dbc,LINHAB,object,86241,27467,31.85,2579
SIM/DO,2017,DORS2017.dbc,LINHAC,object,86241,47796,55.42,2378
SIM/DO,2017,DORS2017.dbc,LINHAD,object,86241,66321,76.9,2013
SIM/DO,2017,DORS2017.dbc,LINHAII,object,86241,57650,66.85,7579
SIM/DO,2017,DORS2017.dbc,CAUSABAS,object,86241,0,0.0,2504
SIM/DO,2017,DORS2017.dbc,CB_PRE,object,86241,86241,100.0,0
SIM/DO,2017,DORS2017.dbc,CRM,object,86241,824,0.96,10929
SIM/DO,2017,DORS2017.dbc,COMUNSVOIM,object,86241,76998,89.28,148
SIM/DO,2017,DORS2017.dbc,DTATESTADO,object,86241,243,0.28,398
SIM/DO,2017,DORS2017.dbc,CIRCOBITO,object,86241,77553,89.93,5
SIM/DO,2017,DORS2017.dbc,ACIDTRAB,object,86241,83618,96.96,3
SIM/DO,2017,DORS2017.dbc,FONTE,object,86241,79366,92.03,5
SIM/DO,2017,DORS2017.dbc,NUMEROLOTE,object,86241,0,0.0,160
SIM/DO,2017,DORS2017.dbc,TPPOS,object,86241,25648,29.74,2
SIM/DO,2017,DORS2017.dbc,DTINVESTIG,object,86241,69016,80.03,529
SIM/DO,2017,DORS2017.dbc,CAUSABAS_O,object,86241,50,0.06,2448
SIM/DO,2017,DORS2017.dbc,DTCADASTRO,object,86241,107,0.12,473
SIM/DO,2017,DORS2017.dbc,ATESTANTE,object,86241,8896,10.32,5
SIM/DO,2017,DORS2017.dbc,STCODIFICA,object,86241,0,0.0,2
SIM/DO,2017,DORS2017.dbc,CODIFICADO,object,86241,0,0.0,1
SIM/DO,2017,DORS2017.dbc,VERSAOSIST,object,86241,0,0.0,3
SIM/DO,2017,DORS2017.dbc,VERSAOSCB,object,86241,5341,6.19,2
SIM/DO,2017,DORS2017.dbc,FONTEINV,object,86241,66058,76.6,9
SIM/DO,2017,DORS2017.dbc,DTRECEBIM,object,86241,5,0.01,461
SIM/DO,2017,DORS2017.dbc,ATESTADO,object,86241,0,0.0,53018
SIM/DO,2017,DORS2017.dbc,DTRECORIGA,object,86241,0,0.0,374
SIM/DO,2017,DORS2017.dbc,CAUSAMAT,object,86241,86239,100.0,2
SIM/DO,2017,DORS2017.dbc,ESCMAEAGR1,object,86241,84934,98.48,13
SIM/DO,2017,DORS2017.dbc,ESCFALAGR1,object,86241,11314,13.12,13
SIM/DO,2017,DORS2017.dbc,STDOEPIDEM,object,86241,0,0.0,1
SIM/DO,2017,DORS2017.dbc,STDONOVA,object,86241,0,0.0,2
SIM/DO,2017,DORS2017.dbc,DIFDATA,object,86241,0,0.0,788
SIM/DO,2017,DORS2017.dbc,NUDIASOBCO,object,86241,83004,96.25,372
SIM/DO,2017,DORS2017.dbc,NUDIASOBIN,object,86241,86241,100.0,0
SIM/DO,2017,DORS2017.dbc,DTCADINV,object,86241,82903,96.13,370
SIM/DO,2017,DORS2017.dbc,TPOBITOCOR,object,86241,82903,96.13,9
SIM/DO,2017,DORS2017.dbc,DTCONINV,object,86241,83006,96.25,423
SIM/DO,2017,DORS2017.dbc,FONTES,object,86241,81413,94.4,47
SIM/DO,2017,DORS2017.dbc,TPRESGINFO,object,86241,86136,99.88,3
SIM/DO,2017,DORS2017.dbc,TPNIVELINV,object,86241,82901,96.13,3
SIM/DO,2017,DORS2017.dbc,NUDIASINF,object,86241,86241,100.0,0
SIM/DO,2017,DORS2017.dbc,DTCADINF,object,86241,84753,98.27,343
SIM/DO,2017,DORS2017.dbc,MORTEPARTO,object,86241,84753,98.27,3
SIM/DO,2017,DORS2017.dbc,DTCONCASO,object,86241,84875,98.42,362
SIM/DO,2017,DORS2017.dbc,FONTESINF,object,86241,86241,100.0,0
SIM/DO,2017,DORS2017.dbc,ALTCAUSA,object,86241,84832,98.37,2
SIM/DO,2018,DORS2018.dbc,ORIGEM,object,88618,0,0.0,2
SIM/DO,2018,DORS2018.dbc,TIPOBITO,object,88618,0,0.0,1
SIM/DO,2018,DORS2018.dbc,DTOBITO,object,88618,0,0.0,365
SIM/DO,2018,DORS2018.dbc,HORAOBITO,object,88618,1453,1.64,1440
SIM/DO,2018,DORS2018.dbc,NATURAL,object,88618,5621,6.34,67
SIM/DO,2018,DORS2018.dbc,CODMUNNATU,object,88618,6367,7.18,1055
SIM/DO,2018,DORS2018.dbc,DTNASC,object,88618,106,0.12,25374
SIM/DO,2018,DORS2018.dbc,IDADE,object,88618,0,0.0,218
SIM/DO,2018,DORS2018.dbc,SEXO,object,88618,0,0.0,3
SIM/DO,2018,DORS2018.dbc,RACACOR,object,88618,3395,3.83,5
SIM/DO,2018,DORS2018.dbc,ESTCIV,object,88618,6353,7.17,6
SIM/DO,2018,DORS2018.dbc,ESC,object,88618,11647,13.14,6
SIM/DO,2018,DORS2018.dbc,ESC2010,object,88618,11755,13.26,7
SIM/DO,2018,DORS2018.dbc,SERIESCFAL,object,88618,64857,73.19,8
SIM/DO,2018,DORS2018.dbc,OCUP,object,88618,16200,18.28,942
SIM/DO,2018,DORS2018.dbc,CODMUNRES,object,88618,0,0.0,498
SIM/DO,2018,DORS2018.dbc,LOCOCOR,object,88618,0,0.0,6
SIM/DO,2018,DORS2018.dbc,CODESTAB,object,88618,22150,24.99,788
SIM/DO,2018,DORS2018.dbc,ESTABDESCR,object,88618,88618,100.0,0
SIM/DO,2018,DORS2018.dbc,CODMUNOCOR,object,88618,0,0.0,626
SIM/DO,2018,DORS2018.dbc,IDADEMAE,object,88618,87280,98.49,34
SIM/DO,2018,DORS2018.dbc,ESCMAE,object,88618,87338,98.56,6
SIM/DO,2018,DORS2018.dbc,ESCMAE2010,object,88618,87338,98.56,7
SIM/DO,2018,DORS2018.dbc,SERIESCMAE,object,88618,87855,99.14,8
SIM/DO,2018,DORS2018.dbc,OCUPMAE,object,88618,87405,98.63,164
SIM/DO,2018,DORS2018.dbc,QTDFILVIVO,object,88618,87310,98.52,13
SIM/DO,2018,DORS2018.dbc,QTDFILMORT,object,88618,87343,98.56,7
SIM/DO,2018,DORS2018.dbc,GRAVIDEZ,object,88618,87283,98.49,4
SIM/DO,2018,DORS2018.dbc,SEMAGESTAC,object,88618,87289,98.5,32
SIM/DO,2018,DORS2018.dbc,GESTACAO,object,88618,87289,98.5,7
SIM/DO,2018,DORS2018.dbc,PARTO,object,88618,87284,98.49,3
SIM/DO,2018,DORS2018.dbc,OBITOPARTO,object,88618,87271,98.48,2
SIM/DO,2018,DORS2018.dbc,PESO,object,88618,87271,98.48,651
SIM/DO,2018,DORS2018.dbc,TPMORTEOCO,object,88618,84116,94.92,7
SIM/DO,2018,DORS2018.dbc,OBITOGRAV,object,88618,84111,94.91,3
SIM/DO,2018,DORS2018.dbc,OBITOPUERP,object,88618,84111,94.91,4
SIM/DO,2018,DORS2018.dbc,ASSISTMED,object,88618,22096,24.93,3
SIM/DO,2018,DORS2018.dbc,EXAME,object,88618,88545,99.92,3
SIM/DO,2018,DORS2018.dbc,CIRURGIA,object,88618,88545,99.92,3
SIM/DO,2018,DORS2018.dbc,NECROPSIA,object,88618,19210,21.68,3
SIM/DO,2018,DORS2018.dbc,LINHAA,object,88618,10991,12.4,2202
SIM/DO,2018,DORS2018.dbc,LINHAB,object,88618,28312,31.95,2602
SIM/DO,2018,DORS2018.dbc,LINHAC,object,88618,48963,55.25,2430
SIM/DO,2018,DORS2018.dbc,LINHAD,object,88618,67749,76.45,2017
SIM/DO,2018,DORS2018.dbc,LINHAII,object,88618,57853,65.28,8449
SIM/DO,2018,DORS2018.dbc,CAUSABAS,object,88618,0,0.0,2536
SIM/DO,2018,DORS2018.dbc,CB_PRE,object,88618,88618,100.0,0
SIM/DO,2018,DORS2018.dbc,CRM,object,88618,683,0.77,11227
SIM/DO,2018,DORS2018.dbc,COMUNSVOIM,object,88618,80035,90.31,138
SIM/DO,2018,DORS2018.dbc,DTATESTADO,object,88618,188,0.21,413
SIM/DO,2018,DORS2018.dbc,CIRCOBITO,object,88618,80609,90.96,5
SIM/DO,2018,DORS2018.dbc,ACIDTRAB,object,88618,86007,97.05,3
SIM/DO,2018,DORS2018.dbc,FONTE,object,88618,82141,92.69,5
SIM/DO,2018,DORS2018.dbc,NUMEROLOTE,object,88618,0,0.0,190
SIM/DO,2018,DORS2018.dbc,TPPOS,object,88618,27025,30.5,2
SIM/DO,2018,DORS2018.dbc,DTINVESTIG,object,88618,68904,77.75,594
SIM/DO,2018,DORS2018.dbc,CAUSABAS_O,object,88618,4,0.0,2511
SIM/DO,2018,DORS2018.dbc,DTCADASTRO,object,88618,0,0.0,487
SIM/DO,2018,DORS2018.dbc,ATESTANTE,object,88618,9476,10.69,5
SIM/DO,2018,DORS2018.dbc,STCODIFICA,object,88618,0,0.0,2
SIM/DO,2018,DORS2018.dbc,CODIFICADO,object,88618,0,0.0,1
SIM/DO,2018,DORS2018.dbc,VERSAOSIST,object,88618,0,0.0,3
SIM/DO,2018,DORS2018.dbc,VERSAOSCB,object,88618,733,0.83,2
SIM/DO,2018,DORS2018.dbc,FONTEINV,object,88618,65507,73.92,9
SIM/DO,2018,DORS2018.dbc,DTRECEBIM,object,88618,3,0.0,450
SIM/DO,2018,DORS2018.dbc,ATESTADO,object,88618,0,0.0,55360
SIM/DO,2018,DORS2018.dbc,DTRECORIGA,object,88618,0,0.0,371
SIM/DO,2018,DORS2018.dbc,CAUSAMAT,object,88618,88618,100.0,0
SIM/DO,2018,DORS2018.dbc,ESCMAEAGR1,object,88618,87338,98.56,13
SIM/DO,2018,DORS2018.dbc,ESCFALAGR1,object,88618,11755,13.26,13
SIM/DO,2018,DORS2018.dbc,STDOEPIDEM,object,88618,0,0.0,1
SIM/DO,2018,DORS2018.dbc,STDONOVA,object,88618,0,0.0,2
SIM/DO,2018,DORS2018.dbc,DIFDATA,object,88618,0,0.0,771
SIM/DO,2018,DORS2018.dbc,NUDIASOBCO,object,88618,85466,96.44,358
SIM/DO,2018,DORS2018.dbc,NUDIASOBIN,object,88618,88618,100.0,0
SIM/DO,2018,DORS2018.dbc,DTCADINV,object,88618,85429,96.4,391
SIM/DO,2018,DORS2018.dbc,TPOBITOCOR,object,88618,85429,96.4,8
SIM/DO,2018,DORS2018.dbc,DTCONINV,object,88618,85470,96.45,437
SIM/DO,2018,DORS2018.dbc,FONTES,object,88618,87147,98.34,30
SIM/DO,2018,DORS2018.dbc,TPRESGINFO,object,88618,88504,99.87,3
SIM/DO,2018,DORS2018.dbc,TPNIVELINV,object,88618,85425,96.4,3
SIM/DO,2018,DORS2018.dbc,NUDIASINF,object,88618,88618,100.0,0
SIM/DO,2018,DORS2018.dbc,DTCADINF,object,88618,87147,98.34,347
SIM/DO,2018,DORS2018.dbc,MORTEPARTO,object,88618,87147,98.34,3
SIM/DO,2018,DORS2018.dbc,DTCONCASO,object,88618,87291,98.5,356
SIM/DO,2018,DORS2018.dbc,FONTESINF,object,88618,88618,100.0,0
SIM/DO,2018,DORS2018.dbc,ALTCAUSA,object,88618,87234,98.44,2
SIM/DO,2018,DORS2018.dbc,CONTADOR,object,88618,0,0.0,88618
SIM/DO,2019,DORS2019.dbc,ORIGEM,object,89238,0,0.0,1
SIM/DO,2019,DORS2019.dbc,TIPOBITO,object,89238,0,0.0,1
SIM/DO,2019,DORS2019.dbc,DTOBITO,object,89238,0,0.0,365
SIM/DO,2019,DORS2019.dbc,HORAOBITO,object,89238,1272,1.43,1440
SIM/DO,2019,DORS2019.dbc,NATURAL,object,89238,5065,5.68,74
SIM/DO,2019,DORS2019.dbc,CODMUNNATU,object,89238,5881,6.59,1133
SIM/DO,2019,DORS2019.dbc,DTNASC,object,89238,85,0.1,25253
SIM/DO,2019,DORS2019.dbc,IDADE,object,89238,0,0.0,210
SIM/DO,2019,DORS2019.dbc,SEXO,object,89238,0,0.0,3
SIM/DO,2019,DORS2019.dbc,RACACOR,object,89238,2931,3.28,5
SIM/DO,2019,DORS2019.dbc,ESTCIV,object,89238,6318,7.08,6
SIM/DO,2019,DORS2019.dbc,ESC,object,89238,11643,13.05,6
SIM/DO,2019,DORS2019.dbc,ESC2010,object,89238,11711,13.12,7
SIM/DO,2019,DORS2019.dbc,SERIESCFAL,object,89238,64840,72.66,8
SIM/DO,2019,DORS2019.dbc,OCUP,object,89238,17170,19.24,907
SIM/DO,2019,DORS2019.dbc,CODMUNRES,object,89238,0,0.0,497
SIM/DO,2019,DORS2019.dbc,LOCOCOR,object,89238,0,0.0,6
SIM/DO,2019,DORS2019.dbc,CODESTAB,object,89238,21979,24.63,762
SIM/DO,2019,DORS2019.dbc,ESTABDESCR,object,89238,89238,100.0,0
SIM/DO,2019,DORS2019.dbc,CODMUNOCOR,object,89238,0,0.0,631
SIM/DO,2019,DORS2019.dbc,IDADEMAE,object,89238,87976,98.59,35
SIM/DO,2019,DORS2019.dbc,ESCMAE,object,89238,88001,98.61,6
SIM/DO,2019,DORS2019.dbc,ESCMAE2010,object,89238,88004,98.62,7
SIM/DO,2019,DORS2019.dbc,SERIESCMAE,object,89238,88530,99.21,8
SIM/DO,2019,DORS2019.dbc,OCUPMAE,object,89238,88131,98.76,134
SIM/DO,2019,DORS2019.dbc,QTDFILVIVO,object,89238,87983,98.59,13
SIM/DO,2019,DORS2019.dbc,QTDFILMORT,object,89238,88015,98.63,8
SIM/DO,2019,DORS2019.dbc,GRAVIDEZ,object,89238,87938,98.54,4
SIM/DO,2019,DORS2019.dbc,SEMAGESTAC,object,89238,87968,98.58,34
SIM/DO,2019,DORS2019.dbc,GESTACAO,object,89238,87968,98.58,7
SIM/DO,2019,DORS2019.dbc,PARTO,object,89238,87941,98.55,3
SIM/DO,2019,DORS2019.dbc,OBITOPARTO,object,89238,87914,98.52,3
SIM/DO,2019,DORS2019.dbc,PESO,object,89238,87871,98.47,679
SIM/DO,2019,DORS2019.dbc,TPMORTEOCO,object,89238,84502,94.69,7
SIM/DO,2019,DORS2019.dbc,OBITOGRAV,object,89238,84498,94.69,3
SIM/DO,2019,DORS2019.dbc,OBITOPUERP,object,89238,84499,94.69,4
SIM/DO,2019,DORS2019.dbc,ASSISTMED,object,89238,22761,25.51,3
SIM/DO,2019,DORS2019.dbc,EXAME,object,89238,89194,99.95,3
SIM/DO,2019,DORS2019.dbc,CIRURGIA,object,89238,89192,99.95,2
SIM/DO,2019,DORS2019.dbc,NECROPSIA,object,89238,20428,22.89,3
SIM/DO,2019,DORS2019.dbc,LINHAA,object,89238,8921,10.0,2300
SIM/DO,2019,DORS2019.dbc,LINHAB,object,89238,28525,31.97,2541
SIM/DO,2019,DORS2019.dbc,LINHAC,object,89238,51856,58.11,2354
SIM/DO,2019,DORS2019.dbc,LINHAD,object,89238,69729,78.14,1895
SIM/DO,2019,DORS2019.dbc,LINHAII,object,89238,58388,65.43,8252
SIM/DO,2019,DORS2019.dbc,CAUSABAS,object,89238,0,0.0,2546
SIM/DO,2019,DORS2019.dbc,CB_PRE,object,89238,89238,100.0,0
SIM/DO,2019,DORS2019.dbc,COMUNSVOIM,object,89238,80950,90.71,146
SIM/DO,2019,DORS2019.dbc,DTATESTADO,object,89238,201,0.23,395
SIM/DO,2019,DORS2019.dbc,CIRCOBITO,object,89238,81627,91.47,5
SIM/DO,2019,DORS2019.dbc,ACIDTRAB,object,89238,86448,96.87,3
SIM/DO,2019,DORS2019.dbc,FONTE,object,89238,82955,92.96,5
SIM/DO,2019,DORS2019.dbc,NUMEROLOTE,object,89238,0,0.0,221
SIM/DO,2019,DORS2019.dbc,TPPOS,object,89238,27478,30.79,2
SIM/DO,2019,DORS2019.dbc,DTINVESTIG,object,89238,70779,79.31,539
SIM/DO,2019,DORS2019.dbc,CAUSABAS_O,object,89238,1,0.0,2513
SIM/DO,2019,DORS2019.dbc,DTCADASTRO,object,89238,0,0.0,430
SIM/DO,2019,DORS2019.dbc,ATESTANTE,object,89238,8605,9.64,5
SIM/DO,2019,DORS2019.dbc,STCODIFICA,object,89238,0,0.0,2
SIM/DO,2019,DORS2019.dbc,CODIFICADO,object,89238,0,0.0,1
SIM/DO,2019,DORS2019.dbc,VERSAOSIST,object,89238,0,0.0,4
SIM/DO,2019,DORS2019.dbc,VERSAOSCB,object,89238,46,0.05,2
SIM/DO,2019,DORS2019.dbc,FONTEINV,object,89238,69542,77.93,9
SIM/DO,2019,DORS2019.dbc,DTRECEBIM,object,89238,0,0.0,420
SIM/DO,2019,DORS2019.dbc,ATESTADO,object,89238,0,0.0,54866
SIM/DO,2019,DORS2019.dbc,DTRECORIGA,object,89238,0,0.0,355
SIM/DO,2019,DORS2019.dbc,CAUSAMAT,object,89238,89238,100.0,0
SIM/DO,2019,DORS2019.dbc,ESCMAEAGR1,object,89238,88004,98.62,13
SIM/DO,2019,DORS2019.dbc,ESCFALAGR1,object,89238,11711,13.12,13
SIM/DO,2019,DORS2019.dbc,STDOEPIDEM,object,89238,0,0.0,1
SIM/DO,2019,DORS2019.dbc,STDONOVA,object,89238,0,0.0,2
SIM/DO,2019,DORS2019.dbc,DIFDATA,object,89238,0,0.0,691
SIM/DO,2019,DORS2019.dbc,NUDIASOBCO,object,89238,86234,96.63,329
SIM/DO,2019,DORS2019.dbc,NUDIASOBIN,object,89238,89238,100.0,0
SIM/DO,2019,DORS2019.dbc,DTCADINV,object,89238,86212,96.61,363
SIM/DO,2019,DORS2019.dbc,TPOBITOCOR,object,89238,86212,96.61,9
SIM/DO,2019,DORS2019.dbc,DTCONINV,object,89238,86234,96.63,399
SIM/DO,2019,DORS2019.dbc,FONTES,object,89238,87790,98.38,28
SIM/DO,2019,DORS2019.dbc,TPRESGINFO,object,89238,89157,99.91,3
SIM/DO,2019,DORS2019.dbc,TPNIVELINV,object,89238,86212,96.61,2
SIM/DO,2019,DORS2019.dbc,NUDIASINF,object,89238,89238,100.0,0
SIM/DO,2019,DORS2019.dbc,DTCADINF,object,89238,87790,98.38,325
SIM/DO,2019,DORS2019.dbc,MORTEPARTO,object,89238,87790,98.38,3
SIM/DO,2019,DORS2019.dbc,DTCONCASO,object,89238,87965,98.57,327
SIM/DO,2019,DORS2019.dbc,FONTESINF,object,89238,89238,100.0,0
SIM/DO,2019,DORS2019.dbc,ALTCAUSA,object,89238,87876,98.47,2
SIM/DO,2019,DORS2019.dbc,CONTADOR,object,89238,0,0.0,89238
SIM/DO,2020,DORS2020.dbc,ORIGEM,object,92791,0,0.0,1
SIM/DO,2020,DORS2020.dbc,TIPOBITO,object,92791,0,0.0,1
SIM/DO,2020,DORS2020.dbc,DTOBITO,object,92791,0,0.0,366
SIM/DO,2020,DORS2020.dbc,HORAOBITO,object,92791,1859,2.0,1440
SIM/DO,2020,DORS2020.dbc,NATURAL,object,92791,5651,6.09,75
SIM/DO,2020,DORS2020.dbc,CODMUNNATU,object,92791,6442,6.94,1165
SIM/DO,2020,DORS2020.dbc,DTNASC,object,92791,86,0.09,25275
SIM/DO,2020,DORS2020.dbc,IDADE,object,92791,0,0.0,209
SIM/DO,2020,DORS2020.dbc,SEXO,object,92791,0,0.0,3
SIM/DO,2020,DORS2020.dbc,RACACOR,object,92791,2775,2.99,5
SIM/DO,2020,DORS2020.dbc,ESTCIV,object,92791,7181,7.74,6
SIM/DO,2020,DORS2020.dbc,ESC,object,92791,13754,14.82,6
SIM/DO,2020,DORS2020.dbc,ESC2010,object,92791,13820,14.89,7
SIM/DO,2020,DORS2020.dbc,SERIESCFAL,object,92791,69355,74.74,8
SIM/DO,2020,DORS2020.dbc,OCUP,object,92791,19557,21.08,995
SIM/DO,2020,DORS2020.dbc,CODMUNRES,object,92791,0,0.0,497
SIM/DO,2020,DORS2020.dbc,LOCOCOR,object,92791,0,0.0,6
SIM/DO,2020,DORS2020.dbc,CODESTAB,object,92791,24576,26.49,766
SIM/DO,2020,DORS2020.dbc,ESTABDESCR,object,92791,92791,100.0,0
SIM/DO,2020,DORS2020.dbc,CODMUNOCOR,object,92791,0,0.0,626
SIM/DO,2020,DORS2020.dbc,IDADEMAE,object,92791,91720,98.85,35
SIM/DO,2020,DORS2020.dbc,ESCMAE,object,92791,91822,98.96,6
SIM/DO,2020,DORS2020.dbc,ESCMAE2010,object,92791,91822,98.96,7
SIM/DO,2020,DORS2020.dbc,SERIESCMAE,object,92791,92266,99.43,8
SIM/DO,2020,DORS2020.dbc,OCUPMAE,object,92791,91849,98.98,151
SIM/DO,2020,DORS2020.dbc,QTDFILVIVO,object,92791,91726,98.85,11
SIM/DO,2020,DORS2020.dbc,QTDFILMORT,object,92791,91748,98.88,8
SIM/DO,2020,DORS2020.dbc,GRAVIDEZ,object,92791,91685,98.81,4
SIM/DO,2020,DORS2020.dbc,SEMAGESTAC,object,92791,91709,98.83,32
SIM/DO,2020,DORS2020.dbc,GESTACAO,object,92791,91709,98.83,7
SIM/DO,2020,DORS2020.dbc,PARTO,object,92791,91696,98.82,3
SIM/DO,2020,DORS2020.dbc,OBITOPARTO,object,92791,91662,98.78,2
SIM/DO,2020,DORS2020.dbc,PESO,object,92791,91664,98.79,624
SIM/DO,2020,DORS2020.dbc,TPMORTEOCO,object,92791,87935,94.77,7
SIM/DO,2020,DORS2020.dbc,OBITOGRAV,object,92791,87932,94.76,3
SIM/DO,2020,DORS2020.dbc,OBITOPUERP,object,92791,87932,94.76,4
SIM/DO,2020,DORS2020.dbc,ASSISTMED,object,92791,23914,25.77,3
SIM/DO,2020,DORS2020.dbc,EXAME,object,92791,92748,99.95,3
SIM/DO,2020,DORS2020.dbc,CIRURGIA,object,92791,92748,99.95,3
SIM/DO,2020,DORS2020.dbc,NECROPSIA,object,92791,21736,23.42,3
SIM/DO,2020,DORS2020.dbc,LINHAA,object,92791,7771,8.37,2281
SIM/DO,2020,DORS2020.dbc,LINHAB,object,92791,31474,33.92,2464
SIM/DO,2020,DORS2020.dbc,LINHAC,object,92791,56292,60.67,2265
SIM/DO,2020,DORS2020.dbc,LINHAD,object,92791,74282,80.05,1723
SIM/DO,2020,DORS2020.dbc,LINHAII,object,92791,58540,63.09,7929
SIM/DO,2020,DORS2020.dbc,CAUSABAS,object,92791,0,0.0,2443
SIM/DO,2020,DORS2020.dbc,CB_PRE,object,92791,92791,100.0,0
SIM/DO,2020,DORS2020.dbc,COMUNSVOIM,object,92791,84512,91.08,141
SIM/DO,2020,DORS2020.dbc,DTATESTADO,object,92791,186,0.2,399
SIM/DO,2020,DORS2020.dbc,CIRCOBITO,object,92791,85581,92.23,5
SIM/DO,2020,DORS2020.dbc,ACIDTRAB,object,92791,90260,97.27,3
SIM/DO,2020,DORS2020.dbc,FONTE,object,92791,86921,93.67,5
SIM/DO,2020,DORS2020.dbc,NUMEROLOTE,object,92791,0,0.0,372
SIM/DO,2020,DORS2020.dbc,TPPOS,object,92791,26693,28.77,2
SIM/DO,2020,DORS2020.dbc,DTINVESTIG,object,92791,79797,86.0,580
SIM/DO,2020,DORS2020.dbc,CAUSABAS_O,object,92791,0,0.0,2426
SIM/DO,2020,DORS2020.dbc,DTCADASTRO,object,92791,0,0.0,524
SIM/DO,2020,DORS2020.dbc,ATESTANTE,object,92791,8487,9.15,5
SIM/DO,2020,DORS2020.dbc,STCODIFICA,object,92791,0,0.0,2
SIM/DO,2020,DORS2020.dbc,CODIFICADO,object,92791,0,0.0,1
SIM/DO,2020,DORS2020.dbc,VERSAOSIST,object,92791,0,0.0,4
SIM/DO,2020,DORS2020.dbc,VERSAOSCB,object,92791,20,0.02,3
SIM/DO,2020,DORS2020.dbc,FONTEINV,object,92791,78916,85.05,9
SIM/DO,2020,DORS2020.dbc,DTRECEBIM,object,92791,10,0.01,484
SIM/DO,2020,DORS2020.dbc,ATESTADO,object,92791,0,0.0,56430
SIM/DO,2020,DORS2020.dbc,DTRECORIGA,object,92791,0,0.0,407
SIM/DO,2020,DORS2020.dbc,CAUSAMAT,object,92791,92791,100.0,0
SIM/DO,2020,DORS2020.dbc,ESCMAEAGR1,object,92791,91822,98.96,13
SIM/DO,2020,DORS2020.dbc,ESCFALAGR1,object,92791,13820,14.89,13
SIM/DO,2020,DORS2020.dbc,STDOEPIDEM,object,92791,0,0.0,1
SIM/DO,2020,DORS2020.dbc,STDONOVA,object,92791,0,0.0,2
SIM/DO,2020,DORS2020.dbc,DIFDATA,object,92791,0,0.0,722
SIM/DO,2020,DORS2020.dbc,NUDIASOBCO,object,92791,89629,96.59,393
SIM/DO,2020,DORS2020.dbc,NUDIASOBIN,object,92791,92791,100.0,0
SIM/DO,2020,DORS2020.dbc,DTCADINV,object,92791,89591,96.55,385
SIM/DO,2020,DORS2020.dbc,TPOBITOCOR,object,92791,89591,96.55,8
SIM/DO,2020,DORS2020.dbc,DTCONINV,object,92791,89631,96.59,432
SIM/DO,2020,DORS2020.dbc,FONTES,object,92791,91721,98.85,33
SIM/DO,2020,DORS2020.dbc,TPRESGINFO,object,92791,92702,99.9,3
SIM/DO,2020,DORS2020.dbc,TPNIVELINV,object,92791,89589,96.55,2
SIM/DO,2020,DORS2020.dbc,NUDIASINF,object,92791,92791,100.0,0
SIM/DO,2020,DORS2020.dbc,DTCADINF,object,92791,91721,98.85,323
SIM/DO,2020,DORS2020.dbc,MORTEPARTO,object,92791,91721,98.85,4
SIM/DO,2020,DORS2020.dbc,DTCONCASO,object,92791,91895,99.03,327
SIM/DO,2020,DORS2020.dbc,FONTESINF,object,92791,92791,100.0,0
SIM/DO,2020,DORS2020.dbc,ALTCAUSA,object,92791,91804,98.94,2
SIM/DO,2020,DORS2020.dbc,CONTADOR,object,92791,0,0.0,92791
SIM/DO,2021,DORS2021.dbc,ORIGEM,object,117722,0,0.0,1
SIM/DO,2021,DORS2021.dbc,TIPOBITO,object,117722,0,0.0,1
SIM/DO,2021,DORS2021.dbc,DTOBITO,object,117722,0,0.0,365
SIM/DO,2021,DORS2021.dbc,HORAOBITO,object,117722,2049,1.74,1440
SIM/DO,2021,DORS2021.dbc,NATURAL,object,117722,6856,5.82,75
SIM/DO,2021,DORS2021.dbc,CODMUNNATU,object,117722,7669,6.51,1307
SIM/DO,2021,DORS2021.dbc,DTNASC,object,117722,111,0.09,26747
SIM/DO,2021,DORS2021.dbc,IDADE,object,117722,0,0.0,215
SIM/DO,2021,DORS2021.dbc,SEXO,object,117722,0,0.0,3
SIM/DO,2021,DORS2021.dbc,RACACOR,object,117722,3334,2.83,5
SIM/DO,2021,DORS2021.dbc,ESTCIV,object,117722,7847,6.67,6
SIM/DO,2021,DORS2021.dbc,ESC,object,117722,13956,11.86,6
SIM/DO,2021,DORS2021.dbc,ESC2010,object,117722,14001,11.89,7
SIM/DO,2021,DORS2021.dbc,SERIESCFAL,object,117722,86308,73.32,8
SIM/DO,2021,DORS2021.dbc,OCUP,object,117722,23956,20.35,1121
SIM/DO,2021,DORS2021.dbc,CODMUNRES,object,117722,0,0.0,498
SIM/DO,2021,DORS2021.dbc,LOCOCOR,object,117722,0,0.0,6
SIM/DO,2021,DORS2021.dbc,CODESTAB,object,117722,26870,22.82,834
SIM/DO,2021,DORS2021.dbc,ESTABDESCR,object,117722,117722,100.0,0
SIM/DO,2021,DORS2021.dbc,CODMUNOCOR,object,117722,0,0.0,691
SIM/DO,2021,DORS2021.dbc,IDADEMAE,object,117722,116556,99.01,34
SIM/DO,2021,DORS2021.dbc,ESCMAE,object,117722,116682,99.12,6
SIM/DO,2021,DORS2021.dbc,ESCMAE2010,object,117722,116682,99.12,7
SIM/DO,2021,DORS2021.dbc,SERIESCMAE,object,117722,117112,99.48,8
SIM/DO,2021,DORS2021.dbc,OCUPMAE,object,117722,116717,99.15,144
SIM/DO,2021,DORS2021.dbc,QTDFILVIVO,object,117722,116645,99.09,11
SIM/DO,2021,DORS2021.dbc,QTDFILMORT,object,117722,116670,99.11,7
SIM/DO,2021,DORS2021.dbc,GRAVIDEZ,object,117722,116540,99.0,4
SIM/DO,2021,DORS2021.dbc,SEMAGESTAC,object,117722,116558,99.01,32
SIM/DO,2021,DORS2021.dbc,GESTACAO,object,117722,116558,99.01,7
SIM/DO,2021,DORS2021.dbc,PARTO,object,117722,116543,99.0,3
SIM/DO,2021,DORS2021.dbc,OBITOPARTO,object,117722,116534,98.99,2
SIM/DO,2021,DORS2021.dbc,PESO,object,117722,116533,98.99,642
SIM/DO,2021,DORS2021.dbc,TPMORTEOCO,object,117722,110352,93.74,7
SIM/DO,2021,DORS2021.dbc,OBITOGRAV,object,117722,110351,93.74,3
SIM/DO,2021,DORS2021.dbc,OBITOPUERP,object,117722,110351,93.74,4
SIM/DO,2021,DORS2021.dbc,ASSISTMED,object,117722,33341,28.32,3
SIM/DO,2021,DORS2021.dbc,EXAME,object,117722,117714,99.99,2
SIM/DO,2021,DORS2021.dbc,CIRURGIA,object,117722,117715,99.99,2
SIM/DO,2021,DORS2021.dbc,NECROPSIA,object,117722,28867,24.52,3
SIM/DO,2021,DORS2021.dbc,LINHAA,object,117722,8033,6.82,2292
SIM/DO,2021,DORS2021.dbc,LINHAB,object,117722,37704,32.03,2586
SIM/DO,2021,DORS2021.dbc,LINHAC,object,117722,69616,59.14,2332
SIM/DO,2021,DORS2021.dbc,LINHAD,object,117722,94001,79.85,1822
SIM/DO,2021,DORS2021.dbc,LINHAII,object,117722,70498,59.89,10479
SIM/DO,2021,DORS2021.dbc,CAUSABAS,object,117722,0,0.0,2520
SIM/DO,2021,DORS2021.dbc,CB_PRE,object,117722,117722,100.0,0
SIM/DO,2021,DORS2021.dbc,COMUNSVOIM,object,117722,107670,91.46,140
SIM/DO,2021,DORS2021.dbc,DTATESTADO,object,117722,164,0.14,424
SIM/DO,2021,DORS2021.dbc,CIRCOBITO,object,117722,110059,93.49,5
SIM/DO,2021,DORS2021.dbc,ACIDTRAB,object,117722,114838,97.55,3
SIM/DO,2021,DORS2021.dbc,FONTE,object,117722,111412,94.64,5
SIM/DO,2021,DORS2021.dbc,NUMEROLOTE,object,117722,0,0.0,363
SIM/DO,2021,DORS2021.dbc,TPPOS,object,117722,32463,27.58,2
SIM/DO,2021,DORS2021.dbc,DTINVESTIG,object,117722,102425,87.01,577
SIM/DO,2021,DORS2021.dbc,CAUSABAS_O,object,117722,0,0.0,2474
SIM/DO,2021,DORS2021.dbc,DTCADASTRO,object,117722,0,0.0,572
SIM/DO,2021,DORS2021.dbc,ATESTANTE,object,117722,11698,9.94,5
SIM/DO,2021,DORS2021.dbc,STCODIFICA,object,117722,0,0.0,2
SIM/DO,2021,DORS2021.dbc,CODIFICADO,object,117722,0,0.0,1
SIM/DO,2021,DORS2021.dbc,VERSAOSIST,object,117722,0,0.0,4
SIM/DO,2021,DORS2021.dbc,VERSAOSCB,object,117722,19,0.02,3
SIM/DO,2021,DORS2021.dbc,FONTEINV,object,117722,101142,85.92,9
SIM/DO,2021,DORS2021.dbc,DTRECEBIM,object,117722,7,0.01,506
SIM/DO,2021,DORS2021.dbc,ATESTADO,object,117722,0,0.0,69012
SIM/DO,2021,DORS2021.dbc,DTRECORIGA,object,117722,0,0.0,417
SIM/DO,2021,DORS2021.dbc,CAUSAMAT,object,117722,117722,100.0,0
SIM/DO,2021,DORS2021.dbc,ESCMAEAGR1,object,117722,116682,99.12,13
SIM/DO,2021,DORS2021.dbc,ESCFALAGR1,object,117722,14001,11.89,13
SIM/DO,2021,DORS2021.dbc,STDOEPIDEM,object,117722,0,0.0,1
SIM/DO,2021,DORS2021.dbc,STDONOVA,object,117722,0,0.0,2
SIM/DO,2021,DORS2021.dbc,DIFDATA,object,117722,0,0.0,803
SIM/DO,2021,DORS2021.dbc,NUDIASOBCO,object,117722,112903,95.91,440
SIM/DO,2021,DORS2021.dbc,NUDIASOBIN,object,117722,117722,100.0,0
SIM/DO,2021,DORS2021.dbc,DTCADINV,object,117722,112900,95.9,414
SIM/DO,2021,DORS2021.dbc,TPOBITOCOR,object,117722,112900,95.9,8
SIM/DO,2021,DORS2021.dbc,DTCONINV,object,117722,112915,95.92,463
SIM/DO,2021,DORS2021.dbc,FONTES,object,117722,116461,98.93,30
SIM/DO,2021,DORS2021.dbc,TPRESGINFO,object,117722,117567,99.87,3
SIM/DO,2021,DORS2021.dbc,TPNIVELINV,object,117722,112888,95.89,3
SIM/DO,2021,DORS2021.dbc,NUDIASINF,object,117722,117722,100.0,0
SIM/DO,2021,DORS2021.dbc,DTCADINF,object,117722,116461,98.93,349
SIM/DO,2021,DORS2021.dbc,MORTEPARTO,object,117722,116461,98.93,3
SIM/DO,2021,DORS2021.dbc,DTCONCASO,object,117722,116609,99.05,349
SIM/DO,2021,DORS2021.dbc,FONTESINF,object,117722,117722,100.0,0
SIM/DO,2021,DORS2021.dbc,ALTCAUSA,object,117722,116544,99.0,2
SIM/DO,2021,DORS2021.dbc,CONTADOR,object,117722,0,0.0,117722
SIM/DO,2022,DORS2022.dbc,ORIGEM,object,104096,0,0.0,1
SIM/DO,2022,DORS2022.dbc,TIPOBITO,object,104096,0,0.0,1
SIM/DO,2022,DORS2022.dbc,DTOBITO,object,104096,0,0.0,365
SIM/DO,2022,DORS2022.dbc,HORAOBITO,object,104096,1998,1.92,1441
SIM/DO,2022,DORS2022.dbc,NATURAL,object,104096,6525,6.27,69
SIM/DO,2022,DORS2022.dbc,CODMUNNATU,object,104096,7427,7.13,1264
SIM/DO,2022,DORS2022.dbc,DTNASC,object,104096,110,0.11,25882
SIM/DO,2022,DORS2022.dbc,IDADE,object,104096,0,0.0,219
SIM/DO,2022,DORS2022.dbc,SEXO,object,104096,0,0.0,3
SIM/DO,2022,DORS2022.dbc,RACACOR,object,104096,507,0.49,5
SIM/DO,2022,DORS2022.dbc,ESTCIV,object,104096,6060,5.82,6
SIM/DO,2022,DORS2022.dbc,ESC,object,104096,10615,10.2,6
SIM/DO,2022,DORS2022.dbc,ESC2010,object,104096,10652,10.23,7
SIM/DO,2022,DORS2022.dbc,SERIESCFAL,object,104096,74884,71.94,8
SIM/DO,2022,DORS2022.dbc,OCUP,object,104096,19436,18.67,1021
SIM/DO,2022,DORS2022.dbc,CODMUNRES,object,104096,0,0.0,498
SIM/DO,2022,DORS2022.dbc,LOCOCOR,object,104096,0,0.0,6
SIM/DO,2022,DORS2022.dbc,CODESTAB,object,104096,27134,26.07,787
SIM/DO,2022,DORS2022.dbc,ESTABDESCR,object,104096,104096,100.0,0
SIM/DO,2022,DORS2022.dbc,CODMUNOCOR,object,104096,0,0.0,667
SIM/DO,2022,DORS2022.dbc,IDADEMAE,object,104096,102893,98.84,37
SIM/DO,2022,DORS2022.dbc,ESCMAE,object,104096,102992,98.94,6
SIM/DO,2022,DORS2022.dbc,ESCMAE2010,object,104096,102992,98.94,7
SIM/DO,2022,DORS2022.dbc,SERIESCMAE,object,104096,103481,99.41,8
SIM/DO,2022,DORS2022.dbc,OCUPMAE,object,104096,103020,98.97,166
SIM/DO,2022,DORS2022.dbc,QTDFILVIVO,object,104096,102903,98.85,12
SIM/DO,2022,DORS2022.dbc,QTDFILMORT,object,104096,102931,98.88,8
SIM/DO,2022,DORS2022.dbc,GRAVIDEZ,object,104096,102885,98.84,4
SIM/DO,2022,DORS2022.dbc,SEMAGESTAC,object,104096,102900,98.85,33
SIM/DO,2022,DORS2022.dbc,GESTACAO,object,104096,102900,98.85,7
SIM/DO,2022,DORS2022.dbc,PARTO,object,104096,102893,98.84,3
SIM/DO,2022,DORS2022.dbc,OBITOPARTO,object,104096,102911,98.86,2
SIM/DO,2022,DORS2022.dbc,PESO,object,104096,102886,98.84,662
SIM/DO,2022,DORS2022.dbc,TPMORTEOCO,object,104096,98570,94.69,7
SIM/DO,2022,DORS2022.dbc,OBITOGRAV,object,104096,98569,94.69,3
SIM/DO,2022,DORS2022.dbc,OBITOPUERP,object,104096,98569,94.69,4
SIM/DO,2022,DORS2022.dbc,ASSISTMED,object,104096,30365,29.17,3
SIM/DO,2022,DORS2022.dbc,EXAME,object,104096,104090,99.99,3
SIM/DO,2022,DORS2022.dbc,CIRURGIA,object,104096,104090,99.99,2
SIM/DO,2022,DORS2022.dbc,NECROPSIA,object,104096,26093,25.07,3
SIM/DO,2022,DORS2022.dbc,LINHAA,object,104096,5962,5.73,2234
SIM/DO,2022,DORS2022.dbc,LINHAB,object,104096,33052,31.75,2634
SIM/DO,2022,DORS2022.dbc,LINHAC,object,104096,62587,60.12,2452
SIM/DO,2022,DORS2022.dbc,LINHAD,object,104096,83903,80.6,1852
SIM/DO,2022,DORS2022.dbc,LINHAII,object,104096,60931,58.53,11998
SIM/DO,2022,DORS2022.dbc,CAUSABAS,object,104096,0,0.0,2593
SIM/DO,2022,DORS2022.dbc,CB_PRE,object,104096,104096,100.0,0
SIM/DO,2022,DORS2022.dbc,COMUNSVOIM,object,104096,93438,89.76,155
SIM/DO,2022,DORS2022.dbc,DTATESTADO,object,104096,159,0.15,404
SIM/DO,2022,DORS2022.dbc,CIRCOBITO,object,104096,96187,92.4,5
SIM/DO,2022,DORS2022.dbc,ACIDTRAB,object,104096,101064,97.09,3
SIM/DO,2022,DORS2022.dbc,FONTE,object,104096,97559,93.72,5
SIM/DO,2022,DORS2022.dbc,NUMEROLOTE,object,104096,0,0.0,239
SIM/DO,2022,DORS2022.dbc,TPPOS,object,104096,28935,27.8,2
SIM/DO,2022,DORS2022.dbc,DTINVESTIG,object,104096,83163,79.89,573
SIM/DO,2022,DORS2022.dbc,CAUSABAS_O,object,104096,0,0.0,2564
SIM/DO,2022,DORS2022.dbc,DTCADASTRO,object,104096,0,0.0,480
SIM/DO,2022,DORS2022.dbc,ATESTANTE,object,104096,10607,10.19,5
SIM/DO,2022,DORS2022.dbc,STCODIFICA,object,104096,0,0.0,2
SIM/DO,2022,DORS2022.dbc,CODIFICADO,object,104096,0,0.0,1
SIM/DO,2022,DORS2022.dbc,VERSAOSIST,object,104096,0,0.0,4
SIM/DO,2022,DORS2022.dbc,VERSAOSCB,object,104096,30,0.03,3
SIM/DO,2022,DORS2022.dbc,FONTEINV,object,104096,82062,78.83,9
SIM/DO,2022,DORS2022.dbc,DTRECEBIM,object,104096,1,0.0,437
SIM/DO,2022,DORS2022.dbc,ATESTADO,object,104096,4,0.0,65325
SIM/DO,2022,DORS2022.dbc,DTRECORIGA,object,104096,0,0.0,375
SIM/DO,2022,DORS2022.dbc,CAUSAMAT,object,104096,104096,100.0,0
SIM/DO,2022,DORS2022.dbc,ESCMAEAGR1,object,104096,102992,98.94,13
SIM/DO,2022,DORS2022.dbc,ESCFALAGR1,object,104096,10652,10.23,13
SIM/DO,2022,DORS2022.dbc,STDOEPIDEM,object,104096,0,0.0,1
SIM/DO,2022,DORS2022.dbc,STDONOVA,object,104096,0,0.0,2
SIM/DO,2022,DORS2022.dbc,DIFDATA,object,104096,0,0.0,678
SIM/DO,2022,DORS2022.dbc,NUDIASOBCO,object,104096,100739,96.78,375
SIM/DO,2022,DORS2022.dbc,NUDIASOBIN,object,104096,104096,100.0,0
SIM/DO,2022,DORS2022.dbc,DTCADINV,object,104096,100725,96.76,375
SIM/DO,2022,DORS2022.dbc,TPOBITOCOR,object,104096,100725,96.76,8
SIM/DO,2022,DORS2022.dbc,DTCONINV,object,104096,100744,96.78,407
SIM/DO,2022,DORS2022.dbc,FONTES,object,104096,102825,98.78,33
SIM/DO,2022,DORS2022.dbc,TPRESGINFO,object,104096,103998,99.91,3
SIM/DO,2022,DORS2022.dbc,TPNIVELINV,object,104096,100720,96.76,3
SIM/DO,2022,DORS2022.dbc,NUDIASINF,object,104096,104096,100.0,0
SIM/DO,2022,DORS2022.dbc,DTCADINF,object,104096,102825,98.78,323
SIM/DO,2022,DORS2022.dbc,MORTEPARTO,object,104096,102825,98.78,3
SIM/DO,2022,DORS2022.dbc,DTCONCASO,object,104096,102979,98.93,326
SIM/DO,2022,DORS2022.dbc,FONTESINF,object,104096,104096,100.0,0
SIM/DO,2022,DORS2022.dbc,ALTCAUSA,object,104096,102935,98.88,2
SIM/DO,2022,DORS2022.dbc,CONTADOR,object,104096,0,0.0,104096
SIM/DO,2023,DORS2023.dbc,ORIGEM,object,93516,0,0.0,1
SIM/DO,2023,DORS2023.dbc,TIPOBITO,object,93516,0,0.0,1
SIM/DO,2023,DORS2023.dbc,DTOBITO,object,93516,0,0.0,365
SIM/DO,2023,DORS2023.dbc,HORAOBITO,object,93516,1726,1.85,1441
SIM/DO,2023,DORS2023.dbc,NATURAL,object,93516,5020,5.37,75
SIM/DO,2023,DORS2023.dbc,CODMUNNATU,object,93516,5929,6.34,1229
SIM/DO,2023,DORS2023.dbc,DTNASC,object,93516,94,0.1,25240
SIM/DO,2023,DORS2023.dbc,IDADE,object,93516,0,0.0,217
SIM/DO,2023,DORS2023.dbc,SEXO,object,93516,0,0.0,3
SIM/DO,2023,DORS2023.dbc,RACACOR,object,93516,556,0.59,5
SIM/DO,2023,DORS2023.dbc,ESTCIV,object,93516,4958,5.3,6
SIM/DO,2023,DORS2023.dbc,ESC,object,93516,8955,9.58,6
SIM/DO,2023,DORS2023.dbc,ESC2010,object,93516,8975,9.6,7
SIM/DO,2023,DORS2023.dbc,SERIESCFAL,object,93516,62988,67.36,8
SIM/DO,2023,DORS2023.dbc,OCUP,object,93516,17430,18.64,962
SIM/DO,2023,DORS2023.dbc,CODMUNRES,object,93516,0,0.0,498
SIM/DO,2023,DORS2023.dbc,LOCOCOR,object,93516,0,0.0,6
SIM/DO,2023,DORS2023.dbc,CODESTAB,object,93516,24163,25.84,757
SIM/DO,2023,DORS2023.dbc,ESTABDESCR,object,93516,93516,100.0,0
SIM/DO,2023,DORS2023.dbc,CODMUNOCOR,object,93516,0,0.0,641
SIM/DO,2023,DORS2023.dbc,IDADEMAE,object,93516,92376,98.78,37
SIM/DO,2023,DORS2023.dbc,ESCMAE,object,93516,92376,98.78,6
SIM/DO,2023,DORS2023.dbc,ESCMAE2010,object,93516,92377,98.78,7
SIM/DO,2023,DORS2023.dbc,SERIESCMAE,object,93516,92944,99.39,8
SIM/DO,2023,DORS2023.dbc,OCUPMAE,object,93516,92635,99.06,167
SIM/DO,2023,DORS2023.dbc,QTDFILVIVO,object,93516,92382,98.79,11
SIM/DO,2023,DORS2023.dbc,QTDFILMORT,object,93516,92392,98.8,7
SIM/DO,2023,DORS2023.dbc,GRAVIDEZ,object,93516,92373,98.78,4
SIM/DO,2023,DORS2023.dbc,SEMAGESTAC,object,93516,92382,98.79,31
SIM/DO,2023,DORS2023.dbc,GESTACAO,object,93516,92382,98.79,7
SIM/DO,2023,DORS2023.dbc,PARTO,object,93516,92375,98.78,3
SIM/DO,2023,DORS2023.dbc,OBITOPARTO,object,93516,92385,98.79,2
SIM/DO,2023,DORS2023.dbc,PESO,object,93516,92380,98.79,660
SIM/DO,2023,DORS2023.dbc,TPMORTEOCO,object,93516,88346,94.47,7
SIM/DO,2023,DORS2023.dbc,OBITOGRAV,object,93516,88345,94.47,3
SIM/DO,2023,DORS2023.dbc,OBITOPUERP,object,93516,88345,94.47,4
SIM/DO,2023,DORS2023.dbc,ASSISTMED,object,93516,26016,27.82,3
SIM/DO,2023,DORS2023.dbc,EXAME,object,93516,93512,100.0,2
SIM/DO,2023,DORS2023.dbc,CIRURGIA,object,93516,93513,100.0,2
SIM/DO,2023,DORS2023.dbc,NECROPSIA,object,93516,22320,23.87,3
SIM/DO,2023,DORS2023.dbc,LINHAA,object,93516,6328,6.77,2147
SIM/DO,2023,DORS2023.dbc,LINHAB,object,93516,29566,31.62,2460
SIM/DO,2023,DORS2023.dbc,LINHAC,object,93516,55243,59.07,2300
SIM/DO,2023,DORS2023.dbc,LINHAD,object,93516,74271,79.42,1774
SIM/DO,2023,DORS2023.dbc,LINHAII,object,93516,55212,59.04,10864
SIM/DO,2023,DORS2023.dbc,CAUSABAS,object,93516,0,0.0,2574
SIM/DO,2023,DORS2023.dbc,CB_PRE,object,93516,93516,100.0,0
SIM/DO,2023,DORS2023.dbc,COMUNSVOIM,object,93516,82826,88.57,143
SIM/DO,2023,DORS2023.dbc,DTATESTADO,object,93516,105,0.11,383
SIM/DO,2023,DORS2023.dbc,CIRCOBITO,object,93516,85489,91.42,5
SIM/DO,2023,DORS2023.dbc,ACIDTRAB,object,93516,90291,96.55,3
SIM/DO,2023,DORS2023.dbc,FONTE,object,93516,86677,92.69,5
SIM/DO,2023,DORS2023.dbc,NUMEROLOTE,object,93516,0,0.0,221
SIM/DO,2023,DORS2023.dbc,TPPOS,object,93516,26866,28.73,2
SIM/DO,2023,DORS2023.dbc,DTINVESTIG,object,93516,71855,76.84,548
SIM/DO,2023,DORS2023.dbc,CAUSABAS_O,object,93516,0,0.0,2533
SIM/DO,2023,DORS2023.dbc,DTCADASTRO,object,93516,0,0.0,454
SIM/DO,2023,DORS2023.dbc,ATESTANTE,object,93516,8914,9.53,5
SIM/DO,2023,DORS2023.dbc,STCODIFICA,object,93516,0,0.0,2
SIM/DO,2023,DORS2023.dbc,CODIFICADO,object,93516,0,0.0,1
SIM/DO,2023,DORS2023.dbc,VERSAOSIST,object,93516,0,0.0,4
SIM/DO,2023,DORS2023.dbc,VERSAOSCB,object,93516,38,0.04,3
SIM/DO,2023,DORS2023.dbc,FONTEINV,object,93516,70457,75.34,9
SIM/DO,2023,DORS2023.dbc,DTRECEBIM,object,93516,0,0.0,430
SIM/DO,2023,DORS2023.dbc,ATESTADO,object,93516,0,0.0,59540
SIM/DO,2023,DORS2023.dbc,DTRECORIGA,object,93516,0,0.0,361
SIM/DO,2023,DORS2023.dbc,CAUSAMAT,object,93516,93516,100.0,0
SIM/DO,2023,DORS2023.dbc,ESCMAEAGR1,object,93516,92377,98.78,13
SIM/DO,2023,DORS2023.dbc,ESCFALAGR1,object,93516,8975,9.6,13
SIM/DO,2023,DORS2023.dbc,STDOEPIDEM,object,93516,0,0.0,1
SIM/DO,2023,DORS2023.dbc,STDONOVA,object,93516,0,0.0,2
SIM/DO,2023,DORS2023.dbc,DIFDATA,object,93516,0,0.0,681
SIM/DO,2023,DORS2023.dbc,NUDIASOBCO,object,93516,90416,96.69,362
SIM/DO,2023,DORS2023.dbc,NUDIASOBIN,object,93516,93516,100.0,0
SIM/DO,2023,DORS2023.dbc,DTCADINV,object,93516,90411,96.68,377
SIM/DO,2023,DORS2023.dbc,TPOBITOCOR,object,93516,90411,96.68,8
SIM/DO,2023,DORS2023.dbc,DTCONINV,object,93516,90417,96.69,426
SIM/DO,2023,DORS2023.dbc,FONTES,object,93516,92323,98.72,35
SIM/DO,2023,DORS2023.dbc,TPRESGINFO,object,93516,93422,99.9,3
SIM/DO,2023,DORS2023.dbc,TPNIVELINV,object,93516,90410,96.68,3
SIM/DO,2023,DORS2023.dbc,NUDIASINF,object,93516,93516,100.0,0
SIM/DO,2023,DORS2023.dbc,DTCADINF,object,93516,92323,98.72,340
SIM/DO,2023,DORS2023.dbc,MORTEPARTO,object,93516,92323,98.72,4
SIM/DO,2023,DORS2023.dbc,DTCONCASO,object,93516,92460,98.87,338
SIM/DO,2023,DORS2023.dbc,FONTESINF,object,93516,93516,100.0,0
SIM/DO,2023,DORS2023.dbc,ALTCAUSA,object,93516,92424,98.83,2
SIM/DO,2023,DORS2023.dbc,CONTADOR,object,93516,0,0.0,93516
SIM/DO,2024,DORS2024.dbc,ORIGEM,object,101480,0,0.0,2
SIM/DO,2024,DORS2024.dbc,TIPOBITO,object,101480,0,0.0,1
SIM/DO,2024,DORS2024.dbc,DTOBITO,object,101480,0,0.0,366
SIM/DO,2024,DORS2024.dbc,HORAOBITO,object,101480,1886,1.86,1440
SIM/DO,2024,DORS2024.dbc,NATURAL,object,101480,4373,4.31,73
SIM/DO,2024,DORS2024.dbc,CODMUNNATU,object,101480,5464,5.38,1275
SIM/DO,2024,DORS2024.dbc,DTNASC,object,101480,69,0.07,25520
SIM/DO,2024,DORS2024.dbc,IDADE,object,101480,0,0.0,212
SIM/DO,2024,DORS2024.dbc,SEXO,object,101480,0,0.0,3
SIM/DO,2024,DORS2024.dbc,RACACOR,object,101480,138,0.14,5
SIM/DO,2024,DORS2024.dbc,ESTCIV,object,101480,4782,4.71,6
SIM/DO,2024,DORS2024.dbc,ESC,object,101480,8816,8.69,6
SIM/DO,2024,DORS2024.dbc,ESC2010,object,101480,8835,8.71,7
SIM/DO,2024,DORS2024.dbc,SERIESCFAL,object,101480,67855,66.87,8
SIM/DO,2024,DORS2024.dbc,OCUP,object,101480,17689,17.43,1039
SIM/DO,2024,DORS2024.dbc,CODMUNRES,object,101480,0,0.0,498
SIM/DO,2024,DORS2024.dbc,LOCOCOR,object,101480,0,0.0,6
SIM/DO,2024,DORS2024.dbc,CODESTAB,object,101480,25893,25.52,810
SIM/DO,2024,DORS2024.dbc,ESTABDESCR,object,101480,101480,100.0,0
SIM/DO,2024,DORS2024.dbc,CODMUNOCOR,object,101480,0,0.0,672
SIM/DO,2024,DORS2024.dbc,IDADEMAE,object,101480,100412,98.95,34
SIM/DO,2024,DORS2024.dbc,ESCMAE,object,101480,100443,98.98,6
SIM/DO,2024,DORS2024.dbc,ESCMAE2010,object,101480,100443,98.98,7
SIM/DO,2024,DORS2024.dbc,SERIESCMAE,object,101480,100890,99.42,8
SIM/DO,2024,DORS2024.dbc,OCUPMAE,object,101480,100511,99.05,171
SIM/DO,2024,DORS2024.dbc,QTDFILVIVO,object,101480,100426,98.96,11
SIM/DO,2024,DORS2024.dbc,QTDFILMORT,object,101480,100446,98.98,9
SIM/DO,2024,DORS2024.dbc,GRAVIDEZ,object,101480,100398,98.93,4
SIM/DO,2024,DORS2024.dbc,SEMAGESTAC,object,101480,100428,98.96,28
SIM/DO,2024,DORS2024.dbc,GESTACAO,object,101480,100428,98.96,7
SIM/DO,2024,DORS2024.dbc,PARTO,object,101480,100405,98.94,3
SIM/DO,2024,DORS2024.dbc,OBITOPARTO,object,101480,100397,98.93,2
SIM/DO,2024,DORS2024.dbc,PESO,object,101480,100412,98.95,642
SIM/DO,2024,DORS2024.dbc,TPMORTEOCO,object,101480,95744,94.35,7
SIM/DO,2024,DORS2024.dbc,OBITOGRAV,object,101480,95744,94.35,3
SIM/DO,2024,DORS2024.dbc,OBITOPUERP,object,101480,95744,94.35,4
SIM/DO,2024,DORS2024.dbc,ASSISTMED,object,101480,27765,27.36,3
SIM/DO,2024,DORS2024.dbc,EXAME,object,101480,101471,99.99,2
SIM/DO,2024,DORS2024.dbc,CIRURGIA,object,101480,101471,99.99,1
SIM/DO,2024,DORS2024.dbc,NECROPSIA,object,101480,23926,23.58,3
SIM/DO,2024,DORS2024.dbc,LINHAA,object,101480,8731,8.6,2171
SIM/DO,2024,DORS2024.dbc,LINHAB,object,101480,32726,32.25,2634
SIM/DO,2024,DORS2024.dbc,LINHAC,object,101480,59580,58.71,2546
SIM/DO,2024,DORS2024.dbc,LINHAD,object,101480,79631,78.47,1960
SIM/DO,2024,DORS2024.dbc,LINHAII,object,101480,59269,58.4,12146
SIM/DO,2024,DORS2024.dbc,CAUSABAS,object,101480,0,0.0,2684
SIM/DO,2024,DORS2024.dbc,CB_PRE,object,101480,101480,100.0,0
SIM/DO,2024,DORS2024.dbc,COMUNSVOIM,object,101480,90469,89.15,143
SIM/DO,2024,DORS2024.dbc,DTATESTADO,object,101480,117,0.12,404
SIM/DO,2024,DORS2024.dbc,CIRCOBITO,object,101480,93300,91.94,5
SIM/DO,2024,DORS2024.dbc,ACIDTRAB,object,101480,97865,96.44,3
SIM/DO,2024,DORS2024.dbc,FONTE,object,101480,94451,93.07,5
SIM/DO,2024,DORS2024.dbc,NUMEROLOTE,object,101480,1,0.0,227
SIM/DO,2024,DORS2024.dbc,TPPOS,object,101480,29044,28.62,2
SIM/DO,2024,DORS2024.dbc,DTINVESTIG,object,101480,76479,75.36,574
SIM/DO,2024,DORS2024.dbc,CAUSABAS_O,object,101480,9,0.01,2673
SIM/DO,2024,DORS2024.dbc,DTCADASTRO,object,101480,0,0.0,483
SIM/DO,2024,DORS2024.dbc,ATESTANTE,object,101480,8999,8.87,5
SIM/DO,2024,DORS2024.dbc,STCODIFICA,object,101480,1,0.0,2
SIM/DO,2024,DORS2024.dbc,CODIFICADO,object,101480,1,0.0,1
SIM/DO,2024,DORS2024.dbc,VERSAOSIST,object,101480,1,0.0,4
SIM/DO,2024,DORS2024.dbc,VERSAOSCB,object,101480,33,0.03,4
SIM/DO,2024,DORS2024.dbc,FONTEINV,object,101480,75386,74.29,9
SIM/DO,2024,DORS2024.dbc,DTRECEBIM,object,101480,52,0.05,441
SIM/DO,2024,DORS2024.dbc,ATESTADO,object,101480,0,0.0,64717
SIM/DO,2024,DORS2024.dbc,DTRECORIGA,object,101480,0,0.0,369
SIM/DO,2024,DORS2024.dbc,CAUSAMAT,object,101480,101480,100.0,0
SIM/DO,2024,DORS2024.dbc,ESCMAEAGR1,object,101480,100443,98.98,13
SIM/DO,2024,DORS2024.dbc,ESCFALAGR1,object,101480,8835,8.71,13
SIM/DO,2024,DORS2024.dbc,STDOEPIDEM,object,101480,1,0.0,1
SIM/DO,2024,DORS2024.dbc,STDONOVA,object,101480,0,0.0,2
SIM/DO,2024,DORS2024.dbc,DIFDATA,object,101480,0,0.0,689
SIM/DO,2024,DORS2024.dbc,NUDIASOBCO,object,101480,98095,96.66,444
SIM/DO,2024,DORS2024.dbc,NUDIASOBIN,object,101480,101480,100.0,0
SIM/DO,2024,DORS2024.dbc,DTCADINV,object,101480,98089,96.66,388
SIM/DO,2024,DORS2024.dbc,TPOBITOCOR,object,101480,98089,96.66,7
SIM/DO,2024,DORS2024.dbc,DTCONINV,object,101480,98097,96.67,440
SIM/DO,2024,DORS2024.dbc,FONTES,object,101480,100350,98.89,28
SIM/DO,2024,DORS2024.dbc,TPRESGINFO,object,101480,101385,99.91,3
SIM/DO,2024,DORS2024.dbc,TPNIVELINV,object,101480,98087,96.66,3
SIM/DO,2024,DORS2024.dbc,NUDIASINF,object,101480,101480,100.0,0
SIM/DO,2024,DORS2024.dbc,DTCADINF,object,101480,100350,98.89,334
SIM/DO,2024,DORS2024.dbc,MORTEPARTO,object,101480,100350,98.89,3
SIM/DO,2024,DORS2024.dbc,DTCONCASO,object,101480,100492,99.03,324
SIM/DO,2024,DORS2024.dbc,FONTESINF,object,101480,101480,100.0,0
SIM/DO,2024,DORS2024.dbc,ALTCAUSA,object,101480,100453,98.99,2
SIM/DO,2024,DORS2024.dbc,CONTADOR,object,101480,0,0.0,101480
